MAYO 2018,,,,,,,,,,,
,,,,,,,,,,,
,,,,,,,,,,,
,,,,,,,,,,,
,,,,,,,,,,,
,,,,,,,,,,,
,,,,,,,,,,,
,,,,,,,,,,,
,,,,,,,,,,,
,,,,,,,,,,,
,,,,,,,,,,,
,,,,,,,,,,,
,,,,,,,,,,,
,,,,,,,,,,,
,,,,,,,,,,,
,,,,,,,,,,,
*Lista de precios sujeta a modificaciones sin previo aviso. Los precios incluyen IVA. Consultar stock. ,,,,,,,,,,,
,,,,,,,,,,,
,,,,,,,,,,,
,,,,,,,,,,,
,,,,,,,,,,,
,,,,,,,,,,,
,,,,,,,,,,,
,,,,,,,,,,,
,,,,,,,,,,,
,,,,,,,,,,,
,,,,,,,,,,,
,,,,,,,,,,,
,,,,,,,,,,,
,,,,,,,,,,,
,,,,,,,,,,,
,,,,,,,,,,,
,,,,,,,,,,,
,,,,,,,,,,,
,,,,,,,,,,,
,,,,,,,,,,,
,,,,,,,,,,,
,,,,,,,,,,,
,,,,,,,,,,,
,,,,,,,,,,,
,,,,,,,,,,,
,,,,,,,,,,,
,,,,,,,,,,,
,,,,,,,,,,,
,,,,,,,,,,,
,,,,,,,,,,,
,,,,,,,,,,,
,,,,,,,,,,,
,,,,,,,,,,,
,,,,,,,,,,,
,,,,,,,,,,,
,,,,,,,,,,,
,,,,,,,,,,,
,,,,,,,,,,,
,,,,,,,,,,,
,,,,,,,,,,,
,,,,,,,,,,,
,,,,,,,,,,,
,,,,,,,,,,,
,,,,,,,,,,,
,,,,,,,,,,,
,,,,,,,,,,,
,,,,,,,,,,,
,,,,,,,,,,,
,,,,,,,,,,,
,,,,,,,,,,,
,,,,,,,,,,,
,,,,,,,,,,,
,,,,,,,,,,,
,,,,,,,,,,,
,,,,,,,,,,,
,,,,,,,,,,,
,,,,,,,,,,,
,,,,,,,,,,,
,,,,,,,,,,,
,,,,,,,,,,,
,,,,,,,,,,,
,,,,,,,,,,,
,,,,,,,,,,,
,,,,,,,,,,,
,,,,,,,,,,,
,,,,,,,,,,,
Diseño,Diametro,Ancho,Talon,Descripcion,Codigo,PL,PVP / ONLINE,,,,
FILTRO,,,,,,,,,,,
,,,,AUTOMOVIL RUN-FLAT,,,,H30,H60,,
V103,,,,,,,,,,,
V103,18,275,35,RF275/35RF18-95Y V103 YOKOHAMA,207010,$7530,$10907,$7718,$7831,,
V103,18,245,40,RF245/40RF18-93Y V103 YOKOHAMA,206193,$8437,$9492,$8648,$8775,NUEVO PRECIO,
V103,18,245,50,RF245/50RF18-100W V103S YOKOHAMA,202794,$9174,$11123,$9403,$9541,,
V103,16,195,55,RF195/55RF16-87 V V103S YOKOHAMA,202793,$2818,$4099,$2889,$2931,,NO HAY
V103S,18,255,35,255/35RF18-90Y  V103S  YOKOHAMA,206935,$12320,$14890,$12629,$12813,,
V103S,18,225,40,RF225/40RF18 88Y V103S YOKOHAMA,205274,$5937,$6625,$6085,$6174,NUEVO PRECIO,
V103S,17,255,40,RF255/40RF17-94Y V103S  YOKOHAMA,205259,$7996,$9195,$8196,$8316,NUEVO PRECIO,
V103S,17,245,45,RF245/45RF17-95Y V103S YOKOHAMA,205222,$7336,$8954,$7519,$7629,,
V103S,17,225,45,RF225/45RF17-91Y V103S  YOKOHAMA,202792,$6150,$7212,$6304,$6396,NUEVO PRECIO,
V103S,17,225,50,RF225/50RF17 94Y V103S YOKOHAMA,205427,$5730,$6621,$5873,$5959,,
V103S,17,205,45,RF205/45RF17-84V V103S YOKOHAMA,205220,$5022,$5842,$5147,$5223,NUEVO PRECIO,
V103S,16,225,50,RF225/50RF16-92W V103S  YOKOHAMA,205980,$5516,$6344,$5654,$5737,,
V103S,16,205,55,RF205/55RF16-91W V103S YOKOHAMA,205221,$3834,$4727,$3930,$3987,,
V105S,,,,,,,,,,,
V105S,19,RF275,35,RF275/35RF19 96Y V105S YOKOHAMA,207778,$11224,$15800,$11505,$11673,NUEVO PRECIO,NO HAY
V105S,19,RF245,40,RF245/40RF19-94Y V105S YOKOHAMA,207772,$11224,$12800,$11505,$11673,NUEVO PRECIO,NO HAY
V105S,19,225,40,RF225/40RF19-93Y V105S  YOKOHAMA,207763,$8801,$9900,$9021,$9153,NUEVO PRECIO,NO HAY
V105S,18,RF255,40,RF255/40RF18 95Y V105S YOKOHAMA,207777,$9949,$11200,$10198,$10347,NUEVO PRECIO,NO HAY
V105S,18,R245,45,RF245/45RF18 96Y V105S YOKOHAMA,207773,$9184,$10200,$9413,$9551,NUEVO PRECIO,NO HAY
V105S,18,225,45,RF225/45RF18-91Y V105S YOKOHAMA,207764,$8418,$9800,$8629,$8755,NUEVO PRECIO,NO HAY
V105S,17,205,50,RF205/50RF17-89W V105S YOKOHAMA,207762,$6122,$6500,$6276,$6367,NUEVO PRECIO,NO HAY
AC02A,,,,,,,,,,,
AC02A,18,235,50,RF235/50RF18-97V AC02A ZPS 4T YOKOHAMA,206858,$9200,$10580,$9430,$9568,,NO HAY
V902A,,,,,,,,,,,
V902A,17,225,45,RF225/45RF17-91H V902A YOKOHAMA,206319,$2679,$3812,$2746,$2786,,
,,,,AUTOMOVIL,,,,H30,H60,,
A10A,,,,,,,,,,,
A10A,16,215,55,215/45R18-89W A10A  YOKOHAMA,202805,$4632,$5576,$4748,$4817,,
A10E,,,,,,,,,,,
A10E,17,215,50,215/50R17-91V A10E YOKOHAMA,205041,$3466,$4175,$3553,$3605,,
A10E,17,205,50,205/50R17-89V A10E  YOKOHAMA,202816,$3626,$4208,$3717,$3771,NUEVO PRECIO,
A10J,,,,,,,,,,,
A10J,17,215,50,215/50R17-91W A10J YOKOHAMA,205472,$3755,$4313,$3849,$3905,,
A349,,,,,,,,,,,
A349,16,205,55,205/55R16-89V A349  YOKOHAMA,205494,$2350,$3033,$2409,$2444,,
A460,,,,,,,,,,,
A460,16,205,55,205/55R16-91V A460 4T YOKOHAMA,206931,$2829,$3589,$2899,$2942,,
A539,,,,,,,,,,,
A539,14,185,50,185/50R14-77V A539  YOKOHAMA,202709,$2911,$3329,$2984,$3028,,
A539,14,175,60,175/60R14-79H A539  YOKOHAMA,202299,$2275,$2535,$2332,$2366,,NO HAY
A539,13,185,60,185/60R13-80H A539  YOKOHAMA,202300,$2579,$2851,$2643,$2682,,
A539,13,175,50,175/50R13-72V A539 YOKOHAMA,206879,$2493,$2618,$2555,$2593,,
A539,13,175,60,175/60R13-77H A539  YOKOHAMA,202555,$2324,$2441,$2382,$2417,NUEVO PRECIO,
A539,12,165,60,165/60R12-71H A539  YOKOHAMA,202776,$2091,$2314,$2144,$2175,,
AA01,,,,,,,,,,,
AA01,14,185,60,185/60R14-82T AA01  YOKOHAMA,202756,$1127,$1297,$1156,$1173,,
AC01,,,,,,,,,,,
AC01,16,225,50,225/50R16-92W AC01  YOKOHAMA,202472,$3329,$3828,$3412,$3462,,
AC01,16,205,45,205/45R16-87W AC01  YOKOHAMA,202465,$2943,$3384,$3016,$3060,,
AC01,16,195,50,195/50R16-88V AC01  YOKOHAMA,202446,$3817,$4810,$3913,$3970,,
AC01,16,185,55,185/55R16-83V AC01  YOKOHAMA,205535,$2057,$2740,$2109,$2140,,NO HAY
AC01,15,215,60,215/60R15-98V AC01  YOKOHAMA,202452,$3109,$3474,$3186,$3233,NUEVO PRECIO,NO HAY
AC02,,,,,,,,,,,
AC02,17,225,45,225/45R17-91V AC02 YOKOHAMA,205822,$4279,$4921,$4386,$4450,,
AC02,16,225,60,225/60R16-98W AC02  YOKOHAMA,205700,$3404,$3915,$3489,$3541,NUEVO PRECIO,
AC02,16,205,55,205/55R16-91H AC02 YOKOHAMA,206562,$2275,$3155,$2332,$2366,,
AC02,16,205,55,205/55R16-91V AC02 4T YOKOHAMA,207243,$3193,$4320,$3273,$3321,,
AC02,16,195,55,195/55R16-87V AC02 YOKOHAMA,205616,$3650,$4621,$3741,$3796,,
AC02,15,225,60,225/60R15-96V AC02B  YOKOHAMA,205591,$2997,$3426,$3072,$3117,NUEVO PRECIO,
AC02,15,205,65,205/65R15-94V AC02  YOKOHAMA,205586,$2309,$3124,$2366,$2401,,
AC02,15,195,50,195/50R15-82V AC02 YOKOHAMA,205615,$2197,$2846,$2252,$2285,,
AC02,14,195,60,195/60R14-86H AC02  YOKOHAMA,205581,$2124,$2442,$2177,$2209,,
AC02B,,,,,,,,,,,
AC02B,16,215,60,215/60R16-99V  XL AC02B YOKOHAMA,205589,$2531,$3050,$2594,$2632,,
AD08,,,,,,,,,,,
AD08,19,295,30,295/30R19-100W AD08 YOKOHAMA,205074,$13380,$14080,$13715,$13915,,
AD08,19,275,35,275/35R19-96W AD08 YOKOHAMA,206868,$9657,$12669,$9899,$10043,,
AD08,19,265,35,265/35R19-94W AD08 YOKOHAMA,206964,$9095,$11732,$9322,$9459,,
AD08,19,255,35,255/35R19-92W AD08 YOKOHAMA,205067,$8181,$10424,$8385,$8508,,
AD08,19,245,40,245/40R19-94W AD08 YOKOHAMA,207178,$5556,$8681,$5695,$5778,,
AD08,18,295,30,295/30R18-94W AD08 YOKOHAMA,207758,$13010,$13600,$13335,$13531,,
AD08,18,285,30,285/30R18-93W AD08 YOKOHAMA,205073,$5962,$10227,$6111,$6200,,
AD08,18,265,35,265/35R18-93W AD08 YOKOHAMA,205072,$8618,$9910,$8833,$8962,,
AD08,18,265,40,265/40R18-101W AD08 YOKOHAMA,206928,$10839,$10388,$11110,$11273,,
AD08,18,255,40,255/40R18-95W AD08 YOKOHAMA,205069,$4773,$10385,$4893,$4964,,
AD08,18,245,40,245/40R18-93W AD08 YOKOHAMA,205064,$6094,$7312,$6247,$6338,,
AD08,18,245,45,245/45R18-96W AD08 YOKOHAMA,205066,$6659,$8313,$6825,$6925,,
AD08,18,235,40,235/40R18-91W AD08 YOKOHAMA,205061,$4562,$5246,$4676,$4744,,
AD08,18,225,45,225/45R18-91W AD08 YOKOHAMA,205056,$6308,$7254,$6466,$6560,,
AD08,17,255,40,255/40R17-94W AD08 YOKOHAMA,205068,$4775,$8283,$4894,$4966,,
AD08,17,245,45,245/45R17-95W AD08 YOKOHAMA,205065,$5941,$7503,$6089,$6178,,
AD08,17,235,40,235/40R17-90W AD08 YOKOHAMA,205059,$5846,$7314,$5992,$6080,,
AD08,17,215,45,215/45R18-89W AD08  YOKOHAMA,207142,$5630,$6180,$5770,$5855,,
AD08,16,215,45,215/45R16-86W AD08 YOKOHAMA,206490,$4741,$5439,$4859,$4931,,
AE01,,,,,,,,,,,
AE01,18,175,60,175/60R15-81H AE01 YOKOHAMA,206088,$1887,$2091,$1934,$1962,,
AE01,16,215,60,215/60R16-99H AE01  YOKOHAMA,206091,$2226,$2545,$2282,$2315,,
AE01,16,205,55,205/55R16-91H AE01  YOKOHAMA,206204,$2287,$3129,$2344,$2378,NUEVO PRECIO,
AE01,15,205,65,205/65R15 94H AE01 YOKOHAMA,207515,$1626,$2300,$1667,$1691,,
AE01,15,205,65,205/65R15-99H AE01  YOKOHAMA,206354,$2133,$2576,$2186,$2218,,
AE01,15,195,55,195/55R15 85H AE01 YOKOHAMA,207468,$1572,$2127,$1611,$1635,,
AE01,15,195,55,195/55R15-85V AE01  YOKOHAMA,206206,$1917,$2310,$1964,$1993,NUEVO PRECIO,
AE01,15,185,60,185/60R15 88H AE01 YOKOHAMA,207469,$1951,$2244,$2000,$2029,NUEVO PRECIO,
AE01,15,185,60,185/60R15-84H AE01  YOKOHAMA,206352,$1528,$1952,$1566,$1589,,
AE01,15,185,65,185/65R15-88H AE01  YOKOHAMA,206201,$1871,$2391,$1918,$1946,NUEVO PRECIO,
AE01,15,185,65,185/65R15-88T AE01 YOKOHAMA,206985,$1664,$2251,$1705,$1730,,
AE01,15,175,55,175/55R15-77V AE01 YOKOHAMA,206071,$2306,$2519,$2364,$2398,NUEVO PRECIO,
AE01,15,175,65,175/65R15-84H AE01  YOKOHAMA,206089,$1789,$2057,$1834,$1860,,
AE01,14,195,60,195/60R14-86H AE01  YOKOHAMA,206531,$2078,$2213,$2130,$2161,,
AE01,14,195,65,195/65R14-89H AE01  YOKOHAMA,206505,$1691,$2226,$1733,$1759,,
AE01,14,195,70,195/70R14-91H AE01  YOKOHAMA,207517,$1913,$2200,$1961,$1990,,
AE01,14,195,70,195/70R14-91T AE01  YOKOHAMA,206203,$1573,$2364,$1612,$1636,,
AE01,14,185,60,185/60R14-82H AE01  YOKOHAMA,206205,$1775,$1952,$1819,$1846,,
AE01,14,185,60,185/60R14-82T AE01  YOKOHAMA,207536,$1622,$1800,$1663,$1687,NUEVO PRECIO,
AE01,14,185,70,185/70R14-88H AE01  YOKOHAMA,206493,$1593,$2035,$1633,$1657,,
AE01,14,175,70,175/70R14-84T AE01 YOKOHAMA,206547,$1953,$2246,$2002,$2031,,
AE01,14,165,55,165/55R14-72H AE01  YOKOHAMA,206090,$1770,$2157,$1814,$1841,,
AE01,14,165,60,165/60R14-75T AE01  YOKOHAMA,206093,$1630,$1997,$1670,$1695,NUEVO PRECIO,
AE01,14,165,65,165/65R14-82T AE01  YOKOHAMA,206094,$1414,$1709,$1450,$1471,,
AE01,14,165,70,165/70R14- 81S AE01  YOKOHAMA,207538,$1473,$1694,$1510,$1532,,
AE01,13,185,70,185/70R13-86T AE01  YOKOHAMA,206504,$1973,$2153,$2022,$2052,,
AE01,13,175,70,175/70R13-82H AE01 YOKOHAMA,207516,$1473,$1654,$1510,$1532,,
AE01,13,175,70,175/70R13-82T AE01 YOKOHAMA,206360,$1321,$1688,$1354,$1374,,
AE01,13,165,70,165/70R13-79T AE01 YOKOHAMA,206491,$1562,$1714,$1601,$1624,,
AE01,13,155,70,155/70R13-75T AE01  YOKOHAMA,206821,$1381,$1552,$1415,$1436,NUEVO PRECIO,
AE01A,,,,,,,,,,,
AE01A,13,145,70,145/70R13-71T AE01A  YOKOHAMA,207192,$1144,$1346,$1172,$1190,NUEVO PRECIO,
AE50,,,,,,,,,,,
AE50,19,225,45,225/45R19-96W AE50 YOKOHAMA,207739,$5051,$5390,$5177,$5253,NUEVO PRECIO,
AE50,18,245,40,245/40R18-97W AE50 YOKOHAMA,207684,$5357,$6800,$5491,$5571,,
AE50,18,245,45,245/45R18-100W  AE50 4T  YOKOHAMA,206852,$6324,$7279,$6482,$6577,NUEVO PRECIO,
AE50,18,235,40,235/40R18-95W AE50 4T  YOKOHAMA,206843,$4829,$5553,$4949,$5022,NUEVO PRECIO,
AE50,18,235,45,235/45R18-94W AE50 YOKOHAMA,207766,$5089,$5880,$5217,$5293,NUEVO PRECIO,
AE50,18,225,40,225/40R18-92W AE50 4T  YOKOHAMA,206842,$3672,$4264,$3764,$3819,,
AE50,18,225,45,225/45R18- 91W AE50 YOKOHAMA,207685,$4911,$5280,$5033,$5107,NUEVO PRECIO,
AE50,18,225,50,225/50R18-95W AE50 YOKOHAMA,207650,$5304,$6048,$5436,$5516,NUEVO PRECIO,
AE50,17,245,45,245/45R17-99W AE50 4T   YOKOHAMA,206855,$5777,$6691,$5922,$6009,,
AE50,17,235,45,235/45R17-97W AE50 4T   YOKOHAMA,206851,$3793,$4362,$3888,$3944,,
AE50,17,225,45,225/45R17-91W AE50 4T YOKOHAMA,206848,$4099,$4713,$4201,$4263,,
AE50,17,225,45,225/45R17-94W AE50 YOKOHAMA,207350,$3691,$4341,$3783,$3839,,
AE50,17,225,50,225/50R17-98W AE50 4T  YOKOHAMA,206850,$4413,$5075,$4523,$4589,,
AE50,17,225,55,225/55R17-101W  AE50 4T  YOKOHAMA,206841,$4155,$4779,$4259,$4321,,
AE50,17,215,45,215/45R17-91W AE50 4T   YOKOHAMA,206854,$3093,$3402,$3170,$3216,,
AE50,17,215,50,215/50R17-95W AE50 4T   YOKOHAMA,206847,$3714,$4272,$3807,$3863,,
AE50,17,205,45,205/45R17-88W AE50 4T YOKOHAMA,206853,$3209,$3691,$3290,$3338,,
AE50,17,205,50,205/50R17-93W AE50 4T  YOKOHAMA,206846,$3397,$3789,$3482,$3533,NUEVO PRECIO,
AE50,17,205,55,205/55R17-95V AE50 YOKOHAMA,207736,$3954,$4400,$4053,$4112,,
AE50,16,225,55,225/55R16-99W AE50 4T  YOKOHAMA,206840,$4118,$4736,$4221,$4283,,
AE50,16,215,55,215/55R16-97W AE50 4T  YOKOHAMA,206836,$3490,$4014,$3577,$3630,,
AE50,16,215,60,215/60R16-99V AE50 4T  YOKOHAMA,206838,$3376,$3883,$3461,$3512,,
AE50,16,215,65,215/65R16-98H AE50 4T  YOKOHAMA,206839,$3842,$4033,$3938,$3995,,
AE50,16,205,45,205/45R16-87W AE50 YOKOHAMA,207349,$2931,$3370,$3004,$3048,NUEVO PRECIO,
AE50,16,205,50,205/50R16-87W AE50 YOKOHAMA,207682,$3061,$3400,$3138,$3184,,
AE50,16,205,55,205/55R16-91W AE50 4T  YOKOHAMA,206833,$2417,$3633,$2477,$2513,NUEVO PRECIO,
AE50,16,205,60,205/60R16-96W AE50 4T YOKOHAMA,206835,$3463,$3833,$3549,$3601,,
AE50,16,195,45,195/45R16-84V AE50 4T  YOKOHAMA,206844,$2985,$3528,$3059,$3104,NUEVO PRECIO,
AE50,16,195,50,195/50R16-84V AE50  YOKOHAMA,207539,$3098,$4001,$3176,$3222,,
AE50,16,195,50,195/50R16-88V AE50 4T  YOKOHAMA,206845,$3493,$4017,$3580,$3632,,
AE50,16,195,55,195/55R16-87V AE50 4T YOKOHAMA,206830,$3291,$3785,$3373,$3423,,
AE50,15,205,60,205/60R15-91V AE50 YOKOHAMA,206834,$2694,$3259,$2762,$2802,,
AE50,15,195,60,195/60R15-88V AE50  4T  YOKOHAMA,206831,$2553,$3068,$2617,$2656,,
AE50,15,195,65,195/65R15 91H AE50 YOKOHAMA,207472,$2326,$2843,$2384,$2419,,
AE50,15,195,65,195/65R15-91V AE50 4T  YOKOHAMA,206832,$2786,$3203,$2855,$2897,,
AR01,,,,,,,,,,,
AR01,18,235,40,235/40ZR18-95W AR01  YOKOHAMA,202574,$4950,$5534,$5074,$5148,NUEVO PRECIO,
AR01,18,225,40,225/40ZR18-92W AR01  YOKOHAMA,202575,$3861,$4086,$3958,$4016,,
AR01,17,235,45,235/45ZR17-97W AR01  YOKOHAMA,202577,$3782,$4356,$3876,$3933,,
AR01,17,215,40,215/40ZR17-87W AR01  YOKOHAMA,202572,$2860,$3425,$2932,$2975,,
AR01,17,215,45,215/45ZR17-91W AR01  YOKOHAMA,202579,$3155,$3421,$3234,$3281,,
AR01,17,205,40,205/40ZR17-84W AR01  YOKOHAMA,202573,$3044,$3443,$3120,$3166,,
AR01,17,205,45,205/45ZR17-88W AR01  YOKOHAMA,202580,$3402,$3713,$3487,$3538,,
AR01,16,225,50,225/50ZR16-92W AR01  YOKOHAMA,202581,$3422,$3846,$3507,$3559,NUEVO PRECIO,
AR01,16,205,45,205/45R16-87V AR01  YOKOHAMA,202576,$2665,$3162,$2731,$2771,,
AR01,16,205,50,205/50R16-91V AR01  YOKOHAMA,202582,$3022,$3549,$3098,$3143,NUEVO PRECIO,
AR01,16,195,50,195/50R16-84V AR01  YOKOHAMA,202583,$3293,$3787,$3376,$3425,,
AS01,,,,,,,,,,,
AS01,19,235,35,235/35R19-91Y AS01  YOKOHAMA,202741,$5598,$6124,$5738,$5822,NUEVO PRECIO,
AS01,19,215,35,215/35R19-85Y AS01  YOKOHAMA,202732,$4721,$5152,$4839,$4910,,
AS01,18,255,35,255/35R18- 94Y AS01  YOKOHAMA,200915,$3625,$8570,$3716,$3770,,
AS01,18,245,35,245/35R18-92Y AS01  YOKOHAMA,202742,$5536,$7282,$5675,$5758,NUEVO PRECIO,
AS01,18,225,35,225/35R18-87Y AS01  YOKOHAMA,202736,$2838,$3746,$2909,$2952,,
AS01,18,225,40,225/40R18-92Y AS01  YOKOHAMA,202739,$3890,$4473,$3987,$4045,,
AS01,18,215,35,215/35R18-84Y AS01  YOKOHAMA,202731,$2474,$4254,$2536,$2573,,
AS01,18,215,40,215/40R18-89Y AS01  YOKOHAMA,202733,$4258,$4896,$4364,$4428,NUEVO PRECIO,
AS01,18,205,40,205/40R18-86Y AS01  YOKOHAMA,202729,$3707,$4263,$3800,$3855,,
AS01,17,235,40,235/40R17-90Y AS01  YOKOHAMA,202707,$3877,$4592,$3974,$4033,NUEVO PRECIO,
AS01,17,225,35,225/35R17-86Y AS01  YOKOHAMA,202735,$1610,$1851,$1650,$1674,,
AS01,17,215,35,215/35R17-83W AS01  YOKOHAMA,202743,$3188,$3975,$3268,$3316,,
AS01,17,215,45,215/45R17-91Y AS01  YOKOHAMA,202734,$3339,$3762,$3423,$3473,,
AS01,17,215,55,215/55R17-98Y AS01  YOKOHAMA,206640,$3754,$4101,$3848,$3904,NUEVO PRECIO,
AS01,17,205,40,205/40R17-84W AS01  YOKOHAMA,202710,$3390,$3721,$3474,$3525,NUEVO PRECIO,
AS01,17,205,45,205/45R17-88Y AS01  YOKOHAMA,202730,$3609,$3789,$3699,$3753,,
AS01,17,195,40,195/40R17-81W AS01  YOKOHAMA,202747,$4370,$5056,$4479,$4545,NUEVO PRECIO,
AS01,17,195,45,195/45R17-85W AS01  YOKOHAMA,202749,$3687,$4240,$3779,$3834,,
AS01,16,215,40,215/40R16-82T  AS01  YOKOHAMA,205792,$1449,$3286,$1485,$1506,,
AS01,16,215,40,215/40R16-86W AS01  YOKOHAMA,202754,$2606,$3213,$2671,$2710,,
AS01,16,205,50,205/50R16-87W AS01  YOKOHAMA,202711,$3250,$3511,$3331,$3380,NUEVO PRECIO,
AS01,16,195,40,195/40R16-80W AS01  YOKOHAMA,202746,$3418,$3931,$3504,$3555,NUEVO PRECIO,
AS01,16,195,45,195/45R16-84W AS01  YOKOHAMA,202699,$3064,$3632,$3141,$3187,NUEVO PRECIO,
AS01,16,175,50,175/50R16-77T AS01  YOKOHAMA,205791,$2541,$2682,$2605,$2643,,
AS01,15,205,50,205/50R15-86V AS01  YOKOHAMA,202708,$3384,$3891,$3468,$3519,NUEVO PRECIO,
AS01,15,205,55,205/55R15-88W AS01  YOKOHAMA,202753,$3843,$4420,$3939,$3997,,
AS01,15,195,45,195/45R15-78W AS01  YOKOHAMA,202748,$3250,$3737,$3331,$3380,NUEVO PRECIO,
AS01,15,195,55,195/55R15-85V AS01  YOKOHAMA,202751,$2587,$2975,$2652,$2691,,
AS01,15,185,55,185/55R15-82V AS01  YOKOHAMA,202745,$2247,$2584,$2303,$2337,,
AS01,14,185,55,185/55R14-80V AS01  YOKOHAMA,202744,$2861,$3290,$2933,$2976,,
E70,,,,,,,,,,,
E70,16,195,60,195/60R16 89H E70E YOKOHAMA,205678,$3598,$4138,$3688,$3742,NUEVO PRECIO,
E70B,,,,,,,,,,,
E70B,16,215,60,215/60R16-95V E70B YOKOHAMA,205860,$3556,$4090,$3645,$3699,,
E70J,,,,,,,,,,,
E70J,16,205,55,205/55R16-91V E70J YOKOHAMA,205643,$2646,$3347,$2712,$2751,,
ES32,,,,,,,,,,,
ES32,18,235,40,235/40R18 95W ES32 YOKOHAMA,207444,$4213,$4814,$4319,$4382,NUEVO PRECIO,
ES32,17,245,40,245/40R17-91V ES32 YOKOHAMA,207418,$5043,$6109,$5169,$5244,NUEVO PRECIO,
ES32,17,225,45,225/45R17-94V ES32 YOKOHAMA,207419,$3411,$3968,$3496,$3547,,
ES32,17,215,40,215/40R17 87V ES32 YOKOHAMA,207464,$3248,$3528,$3330,$3378,NUEVO PRECIO,
ES32,17,215,45,215/45R17 91V ES32 YOKOHAMA,207439,$3089,$3497,$3166,$3212,NUEVO PRECIO,
ES32,17,215,50,215/50R17 95V ES32 YOKOHAMA,207440,$3592,$4130,$3681,$3735,,
ES32,17,215,55,215/55R17-94V ES32 YOKOHAMA,207341,$3912,$4233,$4010,$4069,NUEVO PRECIO,
ES32,17,205,84,205/40R17 84V ES32 YOKOHAMA,207463,$2832,$3228,$2903,$2945,NUEVO PRECIO,
ES32,16,215,55,215/55R16 97V ES32 YOKOHAMA,207441,$2748,$3615,$2816,$2858,NUEVO PRECIO,
ES32,16,215,60,215/60R16-99V ES32 YOKOHAMA,207342,$2761,$3313,$2830,$2871,,
ES32,16,205,45,205/45R16-83V ES32 YOKOHAMA,207438,$2683,$3038,$2750,$2790,NUEVO PRECIO,
ES32,16,205,50,205/50R16-87V ES32 YOKOHAMA,207683,$2946,$3200,$3020,$3064,NUEVO PRECIO,
ES32,16,205,55,205/55R16-91H ES32 YOKOHAMA,207365,$2595,$3316,$2660,$2699,,
ES32,16,205,55,205/55R16-91V ES32 YOKOHAMA,207509,$2883,$3255,$2956,$2999,,
ES32,16,205,60,205/60R16-92H ES32 YOKOHAMA,207340,$3226,$3712,$3307,$3355,,
ES32,16,195,45,195/45R16-80V ES32 YOKOHAMA,207537,$2531,$2940,$2595,$2632,NUEVO PRECIO,
ES32,16,195,50,195/50R16-84V ES32 YOKOHAMA,207532,$3295,$3789,$3377,$3426,,
ES32,16,195,55,195/55R16-87V ES32 4T YOKOHAMA,207434,$3102,$3673,$3179,$3226,,
ES32,16,195,60,195/60R16 89H ES32 YOKOHAMA,207660,$3465,$3985,$3552,$3604,NUEVO PRECIO,
ES32,16,185,55,185/55R16-83V ES32 YOKOHAMA,207433,$2618,$2976,$2683,$2722,NUEVO PRECIO,
ES32,15,205,60,205/60R15-91H ES32 YOKOHAMA,207366,$2510,$2886,$2573,$2610,,
ES32,15,205,65,205/65R15-94H ES32 YOKOHAMA,207367,$2390,$2650,$2450,$2486,,
ES32,15,205,65,205/65R15-99H ES32 YOKOHAMA,207369,$2510,$2783,$2573,$2610,,
ES32,15,196,55,195/55R15-85V ES32 YOKOHAMA,207361,$2236,$2409,$2292,$2326,NUEVO PRECIO,
ES32,15,195,50,195/50R15-82V ES32 YOKOHAMA,207370,$2314,$2561,$2372,$2406,NUEVO PRECIO,
ES32,15,195,55,195/55R15 85H ES32 YOKOHAMA,207466,$2129,$2310,$2183,$2215,NUEVO PRECIO,
ES32,15,195,60,195/60R15-88H ES32 YOKOHAMA,207362,$2135,$2442,$2189,$2221,NUEVO PRECIO,
ES32,15,195,65,195/65R15 91H ES32 YOKOHAMA,207467,$2104,$2547,$2157,$2189,,
ES32,15,195,65,195/65R15-91V ES32 YOKOHAMA,207510,$2344,$2695,$2402,$2438,NUEVO PRECIO,
ES32,15,195,65,195/65R15-95V ES32 YOKOHAMA,207363,$2436,$2802,$2497,$2534,,
ES32,15,185,55,185/55R15 82H ES32 YOKOHAMA,207470,$1756,$2340,$1800,$1827,,
ES32,15,185,55,185/55R15 82V ES32 YOKOHAMA,207520,$2478,$2835,$2540,$2577,,
ES32,15,185,60,185/60R15 84H ES32 YOKOHAMA,207471,$1793,$2057,$1838,$1865,,
ES32,15,185,60,185/60R15-88H ES32 YOKOHAMA,207357,$2037,$2337,$2088,$2119,,
ES32,15,185,65,185/65R15-88H ES32 YOKOHAMA,207358,$1960,$2652,$2009,$2039,,
ES32,15,175,55,175/55R15-77V ES32 YOKOHAMA,207519,$2210,$2541,$2265,$2298,,
ES32,15,175,60,175/60R15-81H ES32 YOKOHAMA,207511,$2009,$2310,$2059,$2089,,
ES32,15,175,65,175/65R15-84H ES32 YOKOHAMA,207353,$2071,$2365,$2122,$2154,NUEVO PRECIO,
ES32,15,155,60,155/60R15-74H ES32 YOKOHAMA,207462,$2111,$2427,$2163,$2195,,
ES32,14,195,65,195/65R14-89H ES32 YOKOHAMA,207512,$1907,$2331,$1954,$1983,,
ES32,14,195,70,195/70R14-91H ES32 YOKOHAMA,207364,$1969,$2264,$2018,$2047,,
ES32,14,185,60,185/60R14-82H ES32 YOKOHAMA,207356,$1826,$2108,$1871,$1899,,
ES32,14,185,65,185/65R14-86H ES32 YOKOHAMA,207421,$1667,$1961,$1708,$1733,NUEVO PRECIO,
ES32,14,185,70,185/70R14-88H ES32 YOKOHAMA,207360,$1854,$2070,$1900,$1928,NUEVO PRECIO,
ES32,14,175,65,175/65R14-82H ES32 YOKOHAMA,207352,$1558,$1737,$1596,$1620,NUEVO PRECIO,
ES32,14,175,70,175/70R14-84H ES32 YOKOHAMA,207355,$1886,$2410,$1933,$1962,,
ES32,14,175,70,175/70R14-84T ES32 YOKOHAMA,207420,$1732,$2343,$1775,$1801,,
ES32,14,165,60,165/60R14-75T ES32 YOKOHAMA,207518,$1688,$2100,$1730,$1755,NUEVO PRECIO,
ES32,14,165,65,165/65R14 79T ES32 XL YOKOHAMA,207456,$1617,$1797,$1658,$1682,NUEVO PRECIO,
ES32,14,165,70,165/70R14 81T ES32 YOKOHAMA,207351,$1550,$1782,$1589,$1612,,
ES32,14,155,65,155/65R14 75T ES32 XL YOKOHAMA,207454,$1983,$2172,$2032,$2062,NUEVO PRECIO,
ES32,13,175,70,175/70R13-82T ES32 YOKOHAMA,207354,$1557,$1790,$1596,$1619,,
ES32A,,,,,,,,,,,
ES32A,18,225,40,225/40R18-92W ES32A YOKOHAMA,207416,$3743,$4109,$3837,$3893,,
ES32A,17,235,45,235/45R17-97V ES32A YOKOHAMA,207527,$3436,$3895,$3521,$3573,,
ES32A,17,235,45,235/45R17-97W ES32A YOKOHAMA,207445,$3607,$4090,$3697,$3752,NUEVO PRECIO,
ES32A,17,225,50,225/50R17-94V ES32A YOKOHAMA,207417,$3839,$4415,$3935,$3992,,
ES32A,16,225,55,225/55R16-95V ES32A YOKOHAMA,207533,$3788,$4158,$3883,$3940,,
ES32A,16,225,60,225/60R16-98V ES32A YOKOHAMA,207765,$3316,$3800,$3399,$3449,NUEVO PRECIO,
G015,,,,,,,,,,,
G015,17,235,80,LT235/80R17 120R G015 YOKOHAMA,207744,$6888,$7200,$7060,$7163,,
G015,17,225,70,225/70R17-108T G015 YOKOHAMA,207742,$6161,$6405,$6315,$6407,NUEVO PRECIO,
G055,,,,,,,,,,,
G055,18,215,50,215/50R18-92V G055 YOKOHAMA,207737,$4974,$5200,$5099,$5173,,
IG35,,,,,,,,,,,
IG35,18,235,60,235/60R18-107T IG35 YOKOHAMA,206302,$3326,$4611,$3409,$3459,,
IG35,18,225,40,225/40R18-92T IG35 YOKOHAMA,206286,$3337,$3848,$3420,$3470,,
IG35,17,235,45,235/45R17-97T IG35 YOKOHAMA,206295,$4392,$5051,$4502,$4567,,
IG35,17,225,55,225/55R17-101T IG35 YOKOHAMA,206289,$4039,$4931,$4140,$4201,,
IG35,17,215,55,215/55R17-98T IG35 YOKOHAMA,206281,$3919,$4797,$4017,$4076,,
IG35,16,245,70,245/70R16-107T IG35 YOKOHAMA,206307,$3703,$4258,$3795,$3851,,
IG35,16,235,70,235/70R16-106T IG35 YOKOHAMA,206304,$2006,$2827,$2056,$2086,,
IG35,16,225,55,225/55R16-99T IG35 YOKOHAMA,206288,$3400,$4344,$3485,$3536,,
IG35,16,215,55,215/55R16-97T IG35 YOKOHAMA,206280,$3679,$4230,$3770,$3826,,
IG35,15,205,70,205/70R15-96T IG35 YOKOHAMA,206277,$3122,$3812,$3200,$3247,,
IG35,15,195,50,195/50R15-82T IG35 YOKOHAMA,206268,$1602,$3211,$1642,$1666,,
IG35,15,195,60,195/60R15-92T IG35 YOKOHAMA,206271,$1472,$3916,$1509,$1531,,
IG35,15,185,60,185/60R15-88T IG35 YOKOHAMA,206264,$1071,$3137,$1098,$1114,,
IG35,14,185,70,185/70R14-92T IG35 YOKOHAMA,206267,$1074,$1909,$1101,$1117,,
IG35,14,175,65,175/65R14-86T IG35 YOKOHAMA,206260,$1071,$2857,$1098,$1114,,
IG35,14,175,70,175/70R14-84T IG35 YOKOHAMA,206261,$1071,$2791,$1098,$1114,,
IG55,,,,,,,,,,,
IG55,18,265,65,265/65R18-114T IG55 YOKOHAMA,206574,$5911,$7215,$6059,$6148,,
IG55,17,265,65,265/65R17-116T IG55 YOKOHAMA,206575,$4478,$5157,$4590,$4657,,
IG55,17,235,65,235/65R17-108T IG55 YOKOHAMA,206572,$5296,$6344,$5428,$5508,,
IG55,17,225,45,225/45R17-94T IG55 YOKOHAMA,206580,$2679,$3500,$2746,$2786,,
IG55,17,225,65,225/65R17-106T IG55 YOKOHAMA,206571,$3560,$5572,$3649,$3702,,
IG55,16,265,70,265/70R16-112T IG55 YOKOHAMA,206576,$4264,$5107,$4370,$4434,,
IG55,16,205,55,205/55R16-94T IG55 YOKOHAMA,206578,$3661,$4444,$3752,$3807,,
IG55,16,205,60,205/60R16-96T IG55 YOKOHAMA,206567,$4110,$4973,$4213,$4275,,
IG55,16,195,55,195/55R16-94T IG55 YOKOHAMA,206577,$3698,$4471,$3790,$3846,,
IG55,15,195,65,195/65R15-95T IG55 YOKOHAMA,206566,$3378,$4055,$3463,$3513,,
IG55,14,175,65,175/65R14-86T IG55 YOKOHAMA,206563,$2256,$2702,$2312,$2346,,
IG55,14,175,70,175/70R14-88T IG55 YOKOHAMA,206564,$2413,$2929,$2473,$2509,,
PA01,,,,,,,,,,,
PA01,19,215,35,215/35ZR19-85Y PA01  YOKOHAMA,202480,$3109,$3891,$3187,$3234,,
PA01,18,225,40,225/40ZR18-92W PA01  YOKOHAMA,202485,$3761,$4310,$3855,$3911,,
PA01,18,215,35,215/35ZR18-84W PA01  YOKOHAMA,202479,$2908,$3639,$2981,$3025,,
PA01,18,215,40,215/40ZR18-89W PA01  YOKOHAMA,202482,$3130,$3917,$3208,$3255,,
PA01,17,215,40,215/40ZR17-87W PA01  YOKOHAMA,202481,$3182,$3659,$3262,$3309,,
PA01,17,205,40,205/40ZR17-84W PA01  YOKOHAMA,202476,$3055,$3682,$3131,$3177,,
RV02,,,,,,,,,,,
RV02,19,245,45,245/45R19-98W RV02 YOKOHAMA,207720,$7628,$9660,$7818,$7933,NUEVO PRECIO,
RV02,19,225,45,225/45R19-96W RV02 YOKOHAMA,207741,$5995,$6200,$6145,$6235,,
RV02,17,225,55,225/55R17-97W RV02 YOKOHAMA,207661,$4847,$5200,$4968,$5041,,
RV02,17,215,60,215/60R17- 96H RV02 YOKOHAMA,207689,$4821,$5184,$4942,$5014,NUEVO PRECIO,
RV02,17,205,55,205/55R17-91V RV02 YOKOHAMA,207723,$4719,$5200,$4837,$4908,,
RV02,16,215,60,215/60R16-95H RV02 YOKOHAMA,207688,$4464,$4600,$4576,$4643,,
RV02,16,195,60,195/60R16 89H RV02 YOKOHAMA,207686,$4082,$4300,$4184,$4245,,
RY818,,,,,,,,,,,
RY818,16,215,60,215/60R16C 103T RY818 YOKOHAMA,207738,$5230,$5500,$5360,$5439,,
V103,,,,,,,,,,,
V103,35,315,20,315/35R20-110Y V103B  YOKOHAMA,205313,$11549,$14943,$11838,$12011,,
V103,21,285,30,285/30ZR21-100Y V103  YOKOHAMA,202654,$7509,$9837,$7697,$7809,,
V103,21,255,30,255/30ZR21-93Y V103  YOKOHAMA,202659,$4578,$11106,$4692,$4761,,
V103,21,255,35,255/35ZR21-98Y V103  YOKOHAMA,202636,$7114,$8880,$7292,$7398,,
V103,21,245,35,245/35ZR21-96Y V103  YOKOHAMA,202655,$6339,$7379,$6498,$6593,,
V103,20,255,35,255/35ZR20-97Y V103  YOKOHAMA,202590,$8518,$10263,$8731,$8858,,
V103,20,245,35,245/35ZR20-95Y V103  YOKOHAMA,202633,$8871,$10753,$9093,$9226,,
V103,20,245,40,245/40ZR20-99Y V103  YOKOHAMA,202634,$7354,$11504,$7538,$7648,NUEVO PRECIO,
V103,19,285,35,285/35ZR19-99Y V103  YOKOHAMA,202643,$3807,$9294,$3902,$3960,,
V103,19,285,45,285/45R19-107Y V103B  YOKOHAMA,205312,$9486,$10909,$9723,$9866,,
V103,19,255,40,255/40ZR19-100Y V103  YOKOHAMA,202638,$10286,$12623,$10543,$10698,,
V103,19,255,50,255/50R19 - 107Y V103B   YOKOHAMA,205325,$7338,$9062,$7521,$7631,NUEVO PRECIO,
V103,19,245,45,245/45ZR19-98Y V103  YOKOHAMA,202605,$3412,$9466,$3498,$3549,,
V103,19,235,45,235/45ZR19-95Y V103  YOKOHAMA,202631,$7878,$9835,$8075,$8193,,
V103,19,225,40,225/40ZR19-93Y V103  YOKOHAMA,202600,$7029,$8181,$7204,$7310,NUEVO PRECIO,
V103,18,285,30,285/30ZR18-97Y V103  YOKOHAMA,202608,$5511,$9540,$5649,$5732,,
V103,18,285,35,285/35ZR18-101Y V103  YOKOHAMA,202642,$7431,$9657,$7617,$7728,,
V103,18,275,35,275/35ZR18-95Y V103  YOKOHAMA,202640,$6135,$9920,$6288,$6380,NUEVO PRECIO,
V103,18,275,40,275/40ZR18-103Y V103  YOKOHAMA,202606,$7082,$11726,$7259,$7366,,
V103,18,255,35,255/35ZR18-94Y V103  YOKOHAMAZ,202635,$8091,$9822,$8293,$8415,,
V103,18,255,40,255/40ZR18-99Y V103  YOKOHAMA,202612,$4185,$7993,$4290,$4353,,
V103,18,245,35,245/35ZR18-92Y V103  YOKOHAMA,202615,$4427,$8514,$4538,$4604,,
V103,18,235,55,235/55R18-100Y V103B  YOKOHAMA,205311,$5498,$6323,$5636,$5718,NUEVO PRECIO,
V103,18,225,45,225/45ZR18-95Y V103  YOKOHAMA,202601,$3265,$7510,$3347,$3396,,
V103,18,225,50,225/50R18-95W V103EYOKOHAMA,205045,$5471,$6623,$5608,$5690,NUEVO PRECIO,
V103,18,215,45,215/45ZR18-89Y V103  YOKOHAMA,202614,$6049,$6956,$6200,$6291,NUEVO PRECIO,
V103,17,255,40,255/40ZR17-94Y V103  YOKOHAMA,202637,$5420,$6979,$5555,$5636,,
V103,17,245,40,245/40R17-91W V103 YOKOHAMA,205043,$6386,$7409,$6546,$6641,NUEVO PRECIO,
V103,17,235,50,235/50R17-100W V103  YOKOHAMA-,202653,$4721,$5762,$4839,$4909,,
V103,17,235,55,235/55R17-99Y V103 YOKOHAMA,206192,$5397,$6153,$5532,$5613,,
V103,17,225,45,225/45R17-91W V103S  YOKOHAMA,205252,$2380,$5474,$2439,$2475,,
V103,17,225,55,225/55ZR17-101Y V103 YOKOHAMA,206191,$1937,$5123,$1985,$2014,,
V103,16,205,55,205/55R16-91V V103S YOKOHAMA,205042,$3481,$3998,$3568,$3620,,
V103A,,,,,,,,,,,
V103A,20,295,40,295/40ZR20-106Y V103A  YOKOHAMA,202850,$9305,$13664,$9537,$9677,,
V103B,,,,,,,,,,,
V103B,21,295,35,295/35R21-107Y V103B  YOKOHAMA,202798,$11653,$13957,$11944,$12119,NUEVO PRECIO,
V103B,20,275,40,275/40R20-106Y V103B  YOKOHAMA,202814,$10293,$11837,$10550,$10705,NUEVO PRECIO,
V103B,20,275,45,275/45R20-110Y V103B  YOKOHAMA,201620,$11928,$13512,$12227,$12405,NUEVO PRECIO,
V103B,20,235,55,235/55R20 V103B YOKOHAMA,207330,$8958,$10302,$9182,$9317,NUEVO PRECIO,
V103B,19,275,45,275/45R19-108Y V103B  YOKOHAMA,202797,$8211,$9442,$8416,$8539,,
V103B,19,265,50,265/50R19-110Y V103B  YOKOHAMA,202848,$9928,$11986,$10176,$10325,,
V103B,18,255,55,255/55R18-109Y V103B  4T YOKOHAMA,206822,$7705,$9375,$7898,$8014,,
V103D,,,,,,,,,,,
V103D,18,245,45,245/45R18-96Y V103D  YOKOHAMA,202604,$6507,$8333,$6670,$6768,NUEVO PRECIO,
V103F,,,,,,,,,,,
V103F,18,245,45,245/45R18-96W V103F YOKOHAMA,205233,$6904,$8571,$7076,$7180,NUEVO PRECIO,
V103S,,,,,,,,,,,
V103S,20,265,35,265/35R20-99Y V103S  YOKOHAMA,207177,$9978,$11474,$10227,$10377,,
V103S,20,265,35,265/35ZR20-99Y V103S  YOKOHAMA,202847,$10202,$11677,$10457,$10610,,
V103S,19,255,40,255/40R19-100Y V103S  YOKOHAMA,206803,$9996,$12022,$10246,$10396,,
V103S,18,295,35,295/35ZR18-99Y V103S  YOKOHAMA,202796,$10336,$12524,$10594,$10749,,
V103S,18,255,45,255/45R18-99Y V103S 4T YOKOHAMA,207289,$7146,$9085,$7325,$7432,,
V103S,18,235,40,235/40ZR18-91Y V103S POWS YOKOHAMA,202645,$7135,$8698,$7313,$7420,,
V105,,,,,,,,,,,
V105,50,225,16,225/50R16-92W V105 YOKOHAMA,205715,$4555,$6063,$4669,$4738,NUEVO PRECIO,
V105,20,295,30,295/30ZR20-101Y V105 YOKOHAMA,206991,$12954,$17526,$13278,$13472,,
V105,20,295,35,295/35ZR20-105Y V105 YOKOHAMA,206809,$10232,$13061,$10487,$10641,,
V105,20,275,35,275/35ZR20-102Y V105 YOKOHAMA,206036,$5368,$11041,$5502,$5583,,
V105,20,255,40,255/40ZR20-101Y V105  YOKOHAMA,206966,$6607,$11989,$6772,$6871,,
V105,19,285,30,285/30ZR19-98Y V105S  YOKOHAMA,207130,$11483,$13205,$11770,$11942,,
V105,19,285,35,285/35R19-99Y V105 YOKOHAMA,207344,$8132,$11002,$8335,$8457,,
V105,19,255,40,255/40R18-95Y V105 YOKOHAMA,205710,$7077,$9527,$7254,$7360,,
V105,19,255,40,255/40R18-99Y V105 YOKOHAMA,206534,$7725,$10398,$7918,$8034,NUEVO PRECIO,
V105,19,245,50,245/50R19-105W V105 YOKOHAMA,207491,$10165,$11690,$10419,$10572,,
V105,19,235,55,235/55R19-101V  V105 YOKOHAMA,206933,$7131,$8201,$7309,$7416,,
V105,18,285,35,285/35R18-97Y V105 YOKOHAMA,205711,$8208,$9894,$8413,$8536,NUEVO PRECIO,
V105,18,245,35,245/35R18-92Y V105 YOKOHAMA,207343,$7087,$8236,$7264,$7370,,
V105,18,245,40,245/40ZR18-97Y V105 YOKOHAMA,206548,$8728,$10473,$8946,$9077,,
V105,18,235,60,235/60R18-103V  V105  YOKOHAMA,206932,$5110,$6690,$5237,$5314,,
V105,17,245,40,245/40R17-91W V105 YOKOHAMA,205717,$6766,$7630,$6935,$7036,NUEVO PRECIO,
V105,17,225,45,225/45R17-91W V105  YOKOHAMA,205716,$5503,$6612,$5641,$5723,,
V105,16,205,55,205/55R16-91V V105 YOKOHAMA,205712,$4020,$4827,$4120,$4180,,
V105,16,205,55,205/55R16-91W V105 YOKOHAMA,205713,$2933,$4438,$3006,$3050,,
V105,14,225,60,225/60R18-104W V105 YOKOHAMA,207490,$6964,$8009,$7138,$7243,,
V105S,,,,,,,,,,,
V105S,35,245,19,245/35ZR19-93Y V105S  YOKOHAMA,207259,$10556,$12140,$10820,$10979,NUEVO PRECIO,
V105S,30,265,19,265/30ZR19-93Y V105S  YOKOHAMA,206967,$8007,$10799,$8207,$8327,,
V105S,20,255,30,255/30ZR20-92Y V105S YOKOHAMA,206196,$8281,$12399,$8488,$8612,,
V105S,20,255,35,255/35ZR20-97Y V105S  YOKOHAMA,207250,$9820,$11293,$10065,$10212,,
V105S,20,245,35,245/35ZR20 95Y V105S YOKOHAMA,207745,$11224,$12600,$11505,$11673,,
V105S,20,235,35,235/35ZR20-92Y V105S YOKOHAMA,207743,$11607,$13600,$11897,$12071,,
V105S,19,295,30,295/30ZR19-100Y V105S YOKOHAMA,206249,$8511,$13983,$8724,$8852,,
V105S,19,275,35,275/35ZR19-100Y V105S  YOKOHAMA,206877,$11051,$15245,$11327,$11493,,
V105S,19,275,40,275/40ZR19-105Y V105S YOKOHAMA,206079,$10293,$11837,$10551,$10705,,
V105S,19,265,35,265/35ZR19 98 Y V105S  YOKOHAMA,206666,$9795,$12831,$10039,$10186,,
V105S,19,265,40,265/40ZR19-102Y V105S  YOKOHAMA,206875,$8586,$9788,$8801,$8930,,
V105S,19,255,30,255/30ZR19-91Y V105S YOKOHAMA,206077,$9916,$11125,$10164,$10313,NUEVO PRECIO,
V105S,19,255,35,255/35ZR19-96Y V105S YOKOHAMA,206078,$9338,$11023,$9572,$9712,,
V105S,19,255,40,255/40ZR19-100Y V105S YOKOHAMA,206085,$10541,$12122,$10804,$10962,,
V105S,19,255,45,255/45ZR19-100Y V105S YOKOHAMA,206874,$7582,$9330,$7771,$7885,,
V105S,19,245,19,245/45ZR19-98Y V105S YOKOHAMA,206076,$7674,$11116,$7865,$7980,NUEVO PRECIO,
V105S,19,245,40,245/40ZR19-98Y V105S  YOKOHAMA,207191,$8563,$11170,$8777,$8906,,
V105S,19,235,35,235/35ZR19-91Y V105S  YOKOHAMA,202817,$7536,$9738,$7724,$7837,,
V105S,19,225,35,225/35ZR19-88Y V105S YOKOHAMA,206072,$7484,$9699,$7671,$7784,,
V105S,19,225,40,225/40ZR19-93Y V105S  YOKOHAMA,206872,$7399,$8621,$7584,$7695,NUEVO PRECIO,
V105S,18,265,35,265/35ZR18-97Y V105S YOKOHAMA,206086,$10227,$12105,$10482,$10636,NUEVO PRECIO,
V105S,18,265,40,265/40ZR18-101Y V105S  YOKOHAMA,206668,$9779,$9779,$10023,$10170,,
V105S,18,255,35,255/35ZR18-94Y V105S YOKOHAMA,206084,$8578,$10427,$8792,$8921,,
V105S,18,255,45,255/45ZR18-103Y V105S YOKOHAMA,207748,$7857,$9240,$8054,$8171,NUEVO PRECIO,
V105S,18,245,45,245/45ZR18-100Y V105S YOKOHAMA,206194,$7065,$8523,$7242,$7348,,
V105S,18,245,50,245/50ZR18 104Y V105S YOKOHAMA,207530,$7313,$8489,$7495,$7605,NUEVO PRECIO,
V105S,18,235,18,235/40ZR18-95Y V105S YOKOHAMA,206075,$6963,$8008,$7137,$7242,,
V105S,18,235,45,235/45ZR18-98Y  V105S YOKOHAMA,206873,$6809,$8167,$6979,$7082,,
V105S,18,225,40,225/40ZR18-92Y V105S YOKOHAMA,206536,$5362,$6166,$5496,$5576,,
V105S,18,225,45,225/45ZR18-95Y V105S YOKOHAMA,206073,$6081,$7044,$6233,$6325,NUEVO PRECIO,
V105S,18,215,40,215/40ZR18-89Y V105S YOKOHAMA,206871,$5823,$7878,$5969,$6056,,
V105S,17,245,45,245/45ZR17-99Y V105S YOKOHAMA,206083,$5879,$6751,$6026,$6114,,
V105S,17,235,45,235/45ZR17-97Y V105S YOKOHAMA,206082,$4489,$5105,$4602,$4669,,
V105S,17,225,17,225/45ZR17-94Y V105S YOKOHAMA,206081,$4735,$5445,$4853,$4924,,
V105S,17,225,17,225/50ZR17-98Y V105S YOKOHAMA,206074,$5009,$5761,$5135,$5210,,
V105S,17,215,45,215/45ZR17-91Y V105S  YOKOHAMA,206876,$4101,$5548,$4203,$4265,,
V105S,17,205,17,205/50ZR17-93Y V105S YOKOHAMA,206080,$3755,$4494,$3849,$3905,,
V105S,17,205,55,205/55ZR17-91Y V105S  YOKOHAMA,206870,$4678,$5380,$4795,$4865,,
V105T,,,,,,,,,,,
V105T,21,275,45,275/45R21 110W V105T YOKOHAMA,207753,$12628,$15600,$12943,$13133,,
V551,,,,,,,,,,,
V551,19,275,35,275/35R19-96W V551 YOKOHAMA,206856,$8567,$10128,$8781,$8909,,
V551,19,265,30,265/30R19 -93W V551 YOKOHAMA,206878,$7260,$9822,$7441,$7550,,
V551,19,245,35,245/35R19-93W V551 YOKOHAMA,206502,$5140,$8445,$5269,$5346,,
V551,19,245,40,245/40R19-98W V551 YOKOHAMA,207143,$6815,$10321,$6985,$7087,,
V551,19,245,45,245/45R19-98Y V551 YOKOHAMA,205532,$8598,$9888,$8813,$8942,NUEVO PRECIO,
V551,19,235,35,235/35R19-91W V551 YOKOHAMA,205527,$6736,$8096,$6904,$7005,,
V551,18,265,35,265/35R18-83W V551  YOKOHAMA,205681,$9777,$11373,$10021,$10168,,
V551,18,245,40,245/40R18-93Y V551 YOKOHAMA,205531,$7774,$8568,$7968,$8085,,
V551,18,245,45,245/45R18-96W V551 YOKOHAMA,205859,$7218,$8691,$7398,$7506,NUEVO PRECIO,
V551,18,235,40,235/40R18-91W V551  YOKOHAMA,205680,$6063,$6973,$6215,$6306,,
V551,18,235,50,235/50R18-97W V551 YOKOHAMA,206501,$6046,$7716,$6197,$6287,NUEVO PRECIO,
V551,18,225,40,225/40R18-88W V551 YOKOHAMA,205620,$4767,$5482,$4886,$4958,,
V551,18,225,45,225/45R18-91W V551YOKOHAMA,205525,$5374,$6231,$5509,$5589,,
V551,17,245,40,245/40R17-91W V551  YOKOHAMA,205530,$5768,$7173,$5913,$5999,,
V551,17,245,45,245/45R17-95W V551 YOKOHAMA,205546,$6299,$7382,$6457,$6551,,
V551,17,235,45,235/45R17-94W V551  YOKOHAMA,205528,$3968,$4563,$4067,$4126,,
V551,17,235,50,235/50R17-96V  V551  YOKOHAMA,205545,$5244,$6281,$5375,$5454,,
V551,17,235,55,235/55R17-99V V551  YOKOHAMA,205529,$4981,$6652,$5105,$5180,,
V551,17,225,45,225/45R17-91W V551  YOKOHAMA,205621,$4840,$5566,$4961,$5034,,
V551,17,225,50,225/50R17 94W V551YOKOHAMA,205526,$4877,$5609,$4999,$5072,,
V551,17,225,55,225/55R17-97W V551  YOKOHAMA,206685,$4731,$5278,$4849,$4920,,
V551,17,215,45,215/45R17-91W V551 YOKOHAMA,205533,$4118,$4735,$4221,$4282,,
V551,17,215,50,215/50R17-91V V551 YOKOHAMA,205523,$3924,$4481,$4022,$4081,,
V551,17,215,55,215/55R17-94W  V551 YOKOHAMA,205524,$4065,$4675,$4167,$4228,NUEVO PRECIO,
V551,17,205,45,205/45R17-84W  V551 YOKOHAMA,205521,$3550,$4083,$3639,$3692,,
V551,16,235,60,235/60R16- 100W V551 YOKOHAMA,205519,$3181,$5249,$3261,$3309,,
V551,16,225,55,225/55R16-95W V551 YOKOHAMA,205642,$4420,$5082,$4530,$4596,,
V551,16,225,60,225/60R16-98W V551  YOKOHAMA,206500,$3764,$4329,$3858,$3915,,
V551,16,215,55,215/55R16-93W V551  YOKOHAMA,206684,$3564,$4290,$3653,$3707,,
V551,16,215,60,215/60R16-95V V551 YOKOHAMA,206549,$2672,$4067,$2739,$2779,,
V551,16,205,50,205/50R16-87V V551 YOKOHAMA,205679,$3646,$4444,$3737,$3791,,
V551,16,205,55,205/55R16-91W V551 YOKOHAMA,205522,$3565,$4555,$3654,$3707,,
V551,16,205,60,205/60R16-92V V551  YOKOHAMA,205517,$3047,$4381,$3124,$3169,,
V551,16,205,65,205/65R16-95H V551 YOKOHAMA,206197,$2919,$3342,$2992,$3036,,
V551,15,215,60,215/65R15-96H V551  YOKOHAMA,205518,$3685,$4222,$3777,$3832,NUEVO PRECIO,
V551,15,205,60,205/60R15-91H  V551  YOKOHAMA,205516,$2955,$3398,$3029,$3073,,
V551,15,205,65,205/65R15-92H V551 YOKOHAMA,206559,$2956,$3692,$3030,$3074,,
V551,15,195,65,195/65R15-91H V551 YOKOHAMA,205837,$2409,$2843,$2469,$2506,,
V552,,,,,,,,,,,
V552,18,265,35,265/35R18-97W V552 YOKOHAMA,207704,$10459,$11600,$10721,$10878,,
V701,,,,,,,,,,,
V701,19,265,30,265/30R19-93W V701 YOKOHAMA,207348,$7231,$9783,$7412,$7520,,
V701,19,255,30,255/30R19-91W V701 YOKOHAMA,207347,$8120,$9338,$8323,$8445,,
V701,19,255,35,255/35R19 96W V701 YOKOHAMA,207724,$9107,$10290,$9335,$9471,NUEVO PRECIO,
V701,19,235,35,235/35R19 91W V701 YOKOHAMA,207443,$5664,$6901,$5806,$5891,NUEVO PRECIO,
V701,19,225,35,225/35R19-88W V701 YOKOHAMA,207346,$5020,$5760,$5145,$5221,,
V701,18,255,35,255/35R18 94W V701 YOKOHAMA,207776,$8163,$9900,$8367,$8490,NUEVO PRECIO,
V701,18,245,40,245/40R18-97W V701 YOKOHAMA,207290,$6976,$8064,$7150,$7255,NUEVO PRECIO,
V701,18,235,40,235/40R18-95W V701 YOKOHAMA,207382,$5259,$6048,$5390,$5469,,
V701,18,235,50,235/50R18 97V V701 4T YOKOHAMA,207446,$6380,$7337,$6540,$6635,,
V701,18,235,55,235/55R18-100V V701 YOKOHAMA,207384,$5359,$6163,$5493,$5574,NUEVO PRECIO,
V701,18,225,40,225/40R18-92W V701 YOKOHAMA,207380,$4556,$5239,$4669,$4738,NUEVO PRECIO,
V701,18,225,45,225/45R18- 95W V701 YOKOHAMA,207260,$5439,$6313,$5575,$5657,NUEVO PRECIO,
V701,18,215,35,215/35R18-84W V701 YOKOHAMA,207345,$4577,$5263,$4691,$4760,,
V701,18,215,40,215/40R18-89W V701 YOKOHAMA,207642,$4286,$4929,$4393,$4457,,
V701,18,205,40,205/40R18-86W V701 YOKOHAMA,207436,$3718,$4198,$3811,$3867,,
V701,17,235,45,235/45R17-97W V701 YOKOHAMA,207383,$4441,$5107,$4552,$4618,NUEVO PRECIO,
V701,17,225,45,225/45R17-94W V701 YOKOHAMA,207381,$3759,$4322,$3853,$3909,,
V701,17,225,50,225/50R17-98W V701  YOKOHAMA,207261,$3947,$5340,$4046,$4105,,
V701,17,225,55,225/55R17-97W V701 YOKOHAMA,207523,$4319,$4787,$4427,$4492,,
V701,17,215,40,215/40R17-83W V701 YOKOHAMA,207378,$3189,$3667,$3269,$3317,,
V701,17,215,45,215/45R17-91W V701 YOKOHAMA,207379,$3012,$4075,$3087,$3132,,
V701,17,205,45,205/45R17-88W V701 YOKOHAMA,207373,$3378,$3885,$3463,$3513,,
V701,17,205,50,205/50R17-93W V701 YOKOHAMA,207375,$3322,$3820,$3405,$3455,,
V701,16,225,50,225/50R16-92W V701  YOKOHAMA,207262,$4066,$4710,$4167,$4228,NUEVO PRECIO,
V701,16,205,45,205/45R16-87W V701 YOKOHAMA,207372,$3174,$3562,$3254,$3301,,
V701,16,205,50,205/50R16-87V V701 YOKOHAMA,207374,$3053,$3511,$3130,$3175,,
V701,16,205,55,205/55R16-91W V701 YOKOHAMA,207377,$2923,$3735,$2996,$3040,,
V701,16,195,45,195/45R16-84W V701 YOKOHAMA,207514,$2946,$3570,$3020,$3064,,
V701,16,195,50,195/50R16-84V V701 YOKOHAMA,207371,$2789,$4009,$2859,$2901,,
V701,15,205,55,205/55R15-88V V701 YOKOHAMA,207376,$3543,$4118,$3632,$3685,,
V902,,,,,,,,,,,
V902,18,225,40,225/40R18-92V V902  YOKOHAMA,205246,$3018,$4306,$3094,$3139,,
V902,17,215,45,215/45R17-91V V902  YOKOHAMA,205244,$1602,$2672,$1642,$1666,,
V902,15,195,50,195/50R15-82H V902 YOKOHAMA,205816,$1338,$2107,$1372,$1392,,
V902,14,185,60,185/60R14-82T V902 YOKOHAMA,205231,$1473,$2241,$1510,$1532,,
V902A,,,,,,,,,,,
V902A,17,215,50,215/50R17-95V V902A YOKOHAMA,206320,$1732,$3295,$1775,$1801,,
V902B,,,,,,,,,,,
V902B,17,235,45,235/45R17-94H V902B YOKOHAMA,206334,$2679,$3929,$2746,$2786,,
V903,,,,,,,,,,,
V903,16,195,45,195/45R16-84H V903 YOKOHAMA,206349,$1967,$2498,$2016,$2045,,
V903,15,185,65,185/65R15-88T V903 YOKOHAMA,205683,$1071,$2718,$1098,$1114,,
V903,14,185,60,185/60R14-82T V903 YOKOHAMA,205796,$1339,$2203,$1373,$1393,,
V903,14,175,70,175/70R14-84T V903 YOKOHAMA,205190,$1071,$1983,$1098,$1114,,
V905,,,,,,,,,,,
V905,16,205,55,205/55R16-94H V905 YOKOHAMA,206587,$1607,$2331,$1647,$1671,,
,,,,CAMIONETA,,,,H30,H60,,
A349,,,,,,,,,,,
A349,17,215,60,215/60R17-96H A349 YOKOHAMA,205641,$4445,$4876,$4556,$4622,NUEVO PRECIO,
A349A,,,,,,,,,,,
A349A,17,225,65,225/65R17-102H A349A  YOKOHAMA,200389,$5015,$5588,$5140,$5215,NUEVO PRECIO,
A349A,16,225,65,225/65R16-100H A349A  YOKOHAMA,202808,$4352,$5887,$4460,$4526,,
A349A,16,215,65,215/65R16-98H A349A YOKOHAMA,205640,$3686,$4046,$3778,$3834,,
AC01,,,,,,,,,,,
AC01,17,215,55,215/55R17-98W   AC01 YOKOHAMA,205429,$3052,$3668,$3128,$3174,,
AC02A,,,,,,,,,,,
AC02A,18,235,50,235/50R18-97V  AC02A 4T YOKOHAMA,206823,$7719,$8877,$7912,$8028,,
AE50,,,,,,,,,,,
AE50,18,235,50,235/50R18-97W AE50 YOKOHAMA,207679,$5788,$6656,$5933,$6020,NUEVO PRECIO,
AE50,17,215,55,215/55R17-94W  AE50  4T YOKOHAMA,206837,$3564,$4099,$3653,$3707,,
E70,,,,,,,,,,,
E70,17,215,55,215/55R17-94V E70N YOKOHAMA,205619,$3664,$4166,$3756,$3811,NUEVO PRECIO,
E70B,,,,,,,,,,,
E70B,18,225,55,225/55R18-98V E70B YOKOHAMA,206317,$5568,$6134,$5707,$5791,NUEVO PRECIO,
E70B,17,215,55,215/55R17-93V E70B YOKOHAMA,206012,$3877,$4235,$3974,$4032,NUEVO PRECIO,
E70G,,,,,,,,,,,
E70G,17,225,60,225/60R17 99H E70G YOKOHAMA,207460,$4577,$5264,$4692,$4760,NUEVO PRECIO,
F700,,,,,,,,,,,
F700,17,215,45,215/45R17-91Q F700 YOKOHAMA,205195,$1607,$1848,$1647,$1671,,
G001C,,,,,,,,,,,
G001C,17,265,70,LT265/70R17-112Q G001C R RBL 4T YOKOHAMA,202522,$7194,$7914,$7374,$7482,NUEVO PRECIO,
G001C,16,305,70,LT305/70R16- 118Q G001C  YOKOHAMA,206968,$7554,$8279,$7743,$7856,,
G001C,16,285,75,LT285/75R16 116 Q G001C R RBL YOKOHAMA,202523,$7675,$8917,$7866,$7982,NUEVO PRECIO,
G001C,16,265,75,LT265/75R16-112Q G001C R RBL 6T YOKOHAMA,202489,$7034,$7737,$7210,$7315,NUEVO PRECIO,
G001C,16,235,85,LT235/85R16-108Q G001C R RBL 6T YOKOHAMA,202490,$5844,$7017,$5990,$6078,NUEVO PRECIO,
G001C,16,225,75,LT225/75R16-103S G001C YOKOHAMA,206248,$5565,$6400,$5704,$5788,NUEVO PRECIO,
G001C,15,9.5,N/A,30X9.5R15-104Q G001C R YOKOHAMA,205461,$5939,$6175,$6088,$6177,NUEVO PRECIO,
G001C,15,31,10.5,LT31X10.5R15-109Q G001C R 6T YOKOHAMA,205403,$6805,$7686,$6975,$7077,NUEVO PRECIO,
G001C,15,12,N/A,33X12.5R15-108Q G001C R YOKOHAMA,205424,$7287,$8380,$7469,$7579,NUEVO PRECIO,
G001C,15,12,N/A,35X12.5R15-113Q G001C R  YOKOHAMA,205310,$8102,$9369,$8304,$8426,NUEVO PRECIO,
G003,,,,,,,,,,,
G003,17,LT245,75,LT245/75R17 121Q G003 YOKOHAMA,207775,$9184,$9900,$9413,$9551,NUEVO PRECIO,
G012,,,,,,,,,,,
G012,20,275,60,275/60R20-115S G012 YOKOHAMA,206610,$6790,$8589,$6960,$7061,NUEVO PRECIO,
G012,18,285,60,285/60R18-116H G012 4T YOKOHAMA,206641,$7906,$8434,$8103,$8222,,
G012,18,285,65,LT285/65R18-121R G012   4T YOKOHAMA,206807,$8177,$9424,$8381,$8504,,
G012,18,275,60,275/60R18-112H G012 R RBL 4T YOKOHAMA,202811,$5697,$6079,$5839,$5925,NUEVO PRECIO,
G012,18,275,70,LT275/70R18 -125R G012 YOKOHAMA,207193,$4919,$8467,$5042,$5116,,
G012,18,265,70,P265/70R18- 114S G012 R  YOKOHAMA,202111,$5044,$6673,$5170,$5246,NUEVO PRECIO,
G012,18,225,55,225/55R18-98H G012 YOKOHAMA,205492,$4844,$5649,$4965,$5038,,
G012,17,315,70,LT315/70R17-121R G012 R RBL 8T YOKOHAMA,202698,$8379,$9636,$8589,$8715,,
G012,17,275,60,P275/60R17-110S G012 R OWL/RBL YOKOHAMA,202786,$5361,$5949,$5495,$5575,NUEVO PRECIO,
G012,17,275,65,275/65R17-115H G012 R RBL 4T YOKOHAMA,202714,$6645,$7643,$6811,$6911,NUEVO PRECIO,
G012,17,265,70,P265/70R17-113 S G012 S OWL/RBL YOKOHAMA,202692,$5554,$5965,$5692,$5776,,
G012,17,255,65,255/65R17-110H G012 R RBL 4T YOKOHAMA,202723,$5502,$6052,$5639,$5722,,
G012,17,255,70,P255/70R17 110-S G012 R OWL/RBL YOKOHAMA,202006,$4720,$5428,$4838,$4909,,
G012,17,245,65,245/65R17-107H G012 R RBL 4T YOKOHAMA,202783,$5406,$5934,$5541,$5622,,
G012,17,245,70,P245/70R17-108S G012  YOKOHAMA,207194,$6160,$6776,$6314,$6406,NUEVO PRECIO,
G012,17,235,65,235/65R17-108H G012 R RBL 4T YOKOHAMA,202721,$4604,$5295,$4719,$4788,,
G012,17,225,60,225/60R17- 99H G012 R RBL YOKOHAMA,201212,$4190,$4819,$4295,$4358,,
G012,17,225,65,225/65R17-102H G012 YOKOHAMA,205044,$5429,$6244,$5565,$5647,,
G012,17,225,70,225/70R17-108T  G012 R RBL 6T YOKOHAMA,207144,$5777,$6342,$5922,$6009,NUEVO PRECIO,
G012,17,215,60,215/60R17 96H G012 YOKOHAMA,205425,$3801,$4371,$3896,$3953,,
G012,16,265,75,LT265/75R16-119R G012 R OWL/RBL YOKOHAMA,202687,$5413,$6225,$5549,$5630,,
G012,16,255,65,255/65R16-109H G012 R RBL 4T YOKOHAMA,202715,$3294,$4306,$3377,$3426,,
G012,16,245,70,245/70R16-107H  G012 R RBL 4T YOKOHAMA,202689,$4521,$5158,$4634,$4702,,
G012,16,245,75,LT245/75R16-120R G012 R OWL/RBL YOKOHAMA,202686,$5181,$5699,$5311,$5388,,
G012,16,235,60,235/60R16-100H G012 R RBL 6T YOKOHAMA,202778,$4961,$5469,$5085,$5159,NUEVO PRECIO,
G012,16,235,70,235/70R16-106H G012 4T YOKOHAMA,205251,$4210,$4841,$4315,$4378,,
G012,16,235,70,P235/70R16- 107S G012 R OWL/RBL YOKOHAMA,201293,$4776,$5243,$4896,$4967,,
G012,16,235,85,LT235/85R16-S G012 120R OWL/RBL 10T YOKO,202685,$3383,$6176,$3468,$3519,,
G012,16,225,70,225/70R16-102H G012 R RBL 6T YOKOHAMA,202788,$3773,$4570,$3867,$3924,,
G012,16,225,75,LT225/75R16-110R G012 R OWL/RBL YOKOHAMA,202717,$4560,$5244,$4674,$4742,,
G012,16,215,60,215/60R16- 95H G012 R RBL YOKOHAMA,201029,$2828,$3850,$2899,$2941,,
G012,16,215,65,215/65R16-98H G012 R RBL 6T YOKOHAMA,202726,$4445,$4868,$4556,$4623,NUEVO PRECIO,
G012,16,215,70,215/70R16-100S G012 R RBL 6T YOKOHAMA,202697,$4023,$4416,$4123,$4184,NUEVO PRECIO,
G012,16,215,80,215/80R16-103S G012 R RBL 6T YOKOHAMA,202681,$4507,$4947,$4620,$4687,,
G012,16,205,65,205/65R16-95H G012 R RBL 4T YOKOHAMA,202787,$3233,$3476,$3314,$3363,NUEVO PRECIO,
G012,15,"9,5",N/A,30X9.5R15-104S G012 R OWL/RBL 6TYOKOHAMA,202682,$5531,$5638,$5669,$5752,NUEVO PRECIO,
G012,15,265,70,265/70R15-112T G012 R RBL 6T YOKOHAMA,202724,$4738,$5167,$4857,$4928,,
G012,15,255,70,255/70R15-112S G012 YOKOHAMA,206671,$5824,$6393,$5969,$6057,,
G012,15,235,70,P235/70R15-102S G012 R OWL/RBL YOKOHAMA,202719,$3128,$3433,$3206,$3253,,
G012,15,235,75,P235/75R15-108S G012 R OWL/RBL YOKOHAMA,201873,$5207,$5715,$5337,$5415,,
G012,15,215,70,215/70R15- 98S G012 R RBL YOKOHAMA,201194,$3773,$4018,$3868,$3924,NUEVO PRECIO,
G012,15,215,75,LT215/75R15-100S G012 R OWL/RBL YOKOHAMA,202727,$3639,$4432,$3730,$3784,,
G012,15,205,70,205/70R15-96S G012 R RBL 4T YOKOHAMA,202696,$3304,$3615,$3387,$3436,,
G012,15,175,80,175/80R15-90S G012 R RBL 4T YOKOHAMA,202693,$2340,$2843,$2398,$2433,,
G012,15,11,N/A,32X11.5R15-113S G012 R OWL/RBL YOKOHAMA,202789,$4309,$8099,$4417,$4481,,
G012,15,10,N/A,31X10.5R15-109S G012 R OWL/RBL YOKOHAMA,202683,$6270,$7210,$6426,$6521,NUEVO PRECIO,
G015,,,,,,,,,,,
G015,20,LT305,55,LT305/55R20 121S G015 YOKOHAMA,207782,$11990,$13600,$12290,$12469,NUEVO PRECIO,
G015,20,285,50,285/50R20-112H G015 YOKOHAMA,207756,$9681,$10780,$9923,$10068,NUEVO PRECIO,
G015,20,275,55,275/55R20 117H G015 YOKOHAMA,207779,$9184,$9900,$9413,$9551,NUEVO PRECIO,
G015,20,275,60,275/60R20-115H G015 YOKOHAMA,207513,$7594,$9149,$7784,$7898,NUEVO PRECIO,
G015,18,LT275,65,LT275/65R18 123S G015 YOKOHAMA,207780,$6888,$7400,$7060,$7163,NUEVO PRECIO,
G015,18,285,60,285/60R18 116H G015 YOKOHAMA,207722,$8304,$8925,$8511,$8636,NUEVO PRECIO,
G015,18,275,70,LT275/70R18-125S G015 YOKOHAMA,207391,$7308,$8405,$7491,$7601,,
G015,18,265,60,265/60R18-110H G015 YOKOHAMA,207400,$6063,$6428,$6215,$6306,,
G015,18,265,65,265/65R18-114H G015 YOKOHAMA,207492,$6431,$7396,$6592,$6688,,
G015,18,265,70,265/70R18-116H G015 YOKOHAMA,207403,$5684,$7003,$5826,$5912,NUEVO PRECIO,
G015,17,LT245,75,LT245/75R17 121S G015 YOKOHAMA,207774,$7908,$8800,$8106,$8224,NUEVO PRECIO,
G015,17,315,70,LT315/70R17-121S G015 YOKOHAMA,207394,$8283,$9979,$8490,$8614,NUEVO PRECIO,
G015,17,285,65,285/65R17 116H G015 YOKOHAMA,207781,$7143,$7800,$7321,$7429,,
G015,17,285,70,LT285/70R17-121S G015 YOKOHAMA,207392,$7016,$8068,$7191,$7297,,
G015,17,285,70,P285/70R17-117T G015 YOKOHAMA,207397,$7016,$8068,$7191,$7297,,
G015,17,275,65,275/65R17 115H G015 YOKOHAMA,207754,$7577,$8360,$7766,$7880,NUEVO PRECIO,
G015,17,265,65,265/65R17-112H G015 YOKOHAMA,207401,$5508,$6334,$5646,$5728,NUEVO PRECIO,
G015,17,265,70,P265/70R17-113T G015 YOKOHAMA,207396,$5815,$6383,$5960,$6048,NUEVO PRECIO,
G015,17,255,65,255/65R17-114H G015 YOKOHAMA,207749,$5867,$6400,$6014,$6102,,
G015,17,255,70,P255/70R17-110T G015 YOKOHAMA,207395,$4710,$5687,$4828,$4898,NUEVO PRECIO,
G015,17,245,70,LT245/70R17-119R G015 YOKOHAMA,207388,$6780,$7442,$6949,$7051,NUEVO PRECIO,
G015,17,245,70,P245/70R17-108T G015 YOKOHAMA,207747,$6161,$6720,$6315,$6407,NUEVO PRECIO,
G015,17,235,65,235/65R17-108H G015 YOKOHAMA,207398,$4806,$5527,$4926,$4998,,
G015,17,225,65,225/65R17 102H G015 YOKOHAMA,207721,$5491,$6195,$5628,$5711,NUEVO PRECIO,
G015,16,285,75,LT285/75R16-126R G015 YOKOHAMA,207393,$6976,$8023,$7151,$7255,NUEVO PRECIO,
G015,16,275,70,275/70R16 114H G015 YOKOHAMA,207473,$5304,$6099,$5436,$5516,,
G015,16,265,75,LT265/75R16-123R G015 YOKOHAMA,207390,$6125,$6724,$6278,$6370,,
G015,16,265,75,P265/75R16-114T G015 YOKOHAMA,207422,$6125,$6724,$6278,$6370,NUEVO PRECIO,
G015,16,255,70,255/70R16-111H G015 YOKOHAMA,207399,$5346,$6147,$5479,$5559,,
G015,16,245,70,245/70R16-111H G015  YOKOHAMA,207746,$4847,$5200,$4968,$5041,,
G015,16,245,75,LT245/75R16-120S G015 YOKOHAMA,207389,$5705,$6561,$5848,$5933,NUEVO PRECIO,
G015,16,235,85,LT235/85R16-120R G015 10T YOKOHAMA,207387,$5581,$6418,$5720,$5804,NUEVO PRECIO,
G015,16,225,75,LT225/75R16-115R G015 YOKOHAMA,207386,$5035,$5790,$5160,$5236,NUEVO PRECIO,
G015,16,215,85,LT215/85R16-115R G015 YOKOHAMA,207385,$4451,$5009,$4563,$4629,,
G015,16,65,70,265/70R16-112H G015 YOKOHAMA,207402,$5242,$5853,$5373,$5452,NUEVO PRECIO,
G015,15,31,10.50,31X10.50R15 109S G015 YOKOHAMA,207783,$6633,$7600,$6798,$6898,NUEVO PRECIO,
G015,15,265,70,265/70R15 112H G015 YOKOHAMA,207751,$5230,$5600,$5360,$5439,,
G015,15,255,70,255/70R15C 112S G015 YOKOHAMA,207750,$5867,$6200,$6014,$6102,,
G015,15,235,65,P235/75 R15 108T G015 YOKOHAMA,207458,$4922,$5660,$5045,$5119,,
G015,15,12.5,N/A,33X12.5 R15 G015 YOKOHAMA,207457,$6629,$7624,$6795,$6895,NUEVO PRECIO,
G033,,,,,,,,,,,
G033,16,215,70,215/70R16-100H G033 R  6T YOKOHAMA,202777,$3586,$4060,$3675,$3729,NUEVO PRECIO,
G039,,,,,,,,,,,
G039,16,265,70,265/70R16-112S G039 R  4T YOKOHAMA,202422,$2742,$4075,$2811,$2852,,
G051,,,,,,,,,,,
G051,17,275,65,275/65R17-115H G051 R RBL 4T YOKOHAMA,202562,$3101,$5176,$3179,$3225,,
G051,16,255,70,255/70R16-111H G051 R RBL 4T YOKOHAMA,202567,$2671,$3146,$2738,$2778,,
G051,16,235,70,235/70R16-106H G051 R RBL 4T YOKOHAMA,202569,$2855,$3462,$2927,$2970,,
G051,16,215,60,215/60R16-95H G051 R RBL 4T YOKOHAMA,202559,$1767,$3572,$1811,$1838,,
G051,16,215,65,215/65R16-98H G051 R RBL 6T YOKOHAMA,202561,$1912,$2305,$1960,$1988,,
G051,15,"9,5",N/A,30X9.5R15-104S G051 ROWL/RBL 6T YOKOHAMA,202609,$2652,$3891,$2718,$2758,,
G051,15,235,75,P235/75R15-105H G051 R RBL 6T YOKOHAMA,202598,$3765,$3938,$3859,$3915,,
G055,,,,,,,,,,,
G055,20,235,55,235/55R20-102V G055 YOKOHAMA,206040,$6714,$8476,$6882,$6983,,
G055,19,245,55,245/55R19-103V G055 YOKOHAMA,206035,$5627,$7178,$5767,$5852,NUEVO PRECIO,
G055,19,235,55,235/55R19-101V G055 YOKOHAMA,206004,$5622,$6465,$5762,$5846,NUEVO PRECIO,
G055,19,225,55,225/55R19-99V G055 YOKOHAMA,206869,$5349,$5872,$5483,$5563,,
G055,18,255,55,255/55R18-109V G055 YOKOHAMA,206867,$6457,$7922,$6618,$6715,NUEVO PRECIO,
G055,18,235,55,235/55R18-100V G055 YOKOHAMA,206224,$5402,$5930,$5537,$5618,,
G055,18,235,60,235/60R18-107V G055  YOKOHAMA,206216,$4866,$5463,$4987,$5060,NUEVO PRECIO,
G055,18,235,65,235/65R18-106H G055 YOKOHAMA,206218,$5167,$5726,$5297,$5374,NUEVO PRECIO,
G055,18,225,55,225/55R18-98V G055 YOKOHAMA,206866,$5581,$6418,$5721,$5804,NUEVO PRECIO,
G055,18,225,60,225/60R18-100H G055 YOKOHAMA,206211,$4719,$5426,$4837,$4907,,
G055,18,215,55,215/55R18-99V G055 YOKOHAMA,206864,$6179,$7168,$6333,$6426,,
G055,18,45,60,245/60R18-105H G055 YOKOHAMA,206506,$4830,$5592,$4951,$5023,,
G055,17,255,60,255/60R17-106H G055 YOKOHAMA,206221,$5603,$6443,$5743,$5827,NUEVO PRECIO,
G055,17,245,65,245/65R17-107H G055 YOKOHAMA,206220,$4827,$5298,$4947,$5020,,
G055,17,235,55,235/55R17-99H G055 YOKOHAMA,206223,$4888,$5358,$5010,$5083,,
G055,17,235,60,235/60R17-102V G055  YOKOHAMA,206863,$5307,$6346,$5440,$5519,NUEVO PRECIO,
G055,17,235,65,235/65R17-108V G055 YOKOHAMA,206217,$4808,$5184,$4929,$5001,,
G055,17,225,55,225/55R17-97V G055 YOKOHAMA,206865,$4684,$4921,$4801,$4872,NUEVO PRECIO,
G055,17,225,60,225/60R17-99H G055 YOKOHAMA,206210,$5032,$5536,$5158,$5233,NUEVO PRECIO,
G055,17,225,65,225/65R17-102H G055 YOKOHAMA,206213,$5411,$6222,$5546,$5627,,
G055,17,215,55,215/55R17-94V G055 YOKOHAMA,206222,$3715,$4091,$3808,$3864,,
G055,17,215,60,215/60R17-96H G055 YOKOHAMA,206207,$4205,$4616,$4310,$4373,NUEVO PRECIO,
G055,17,215,70,215/70R17-101H G055 YOKOHAMA,206862,$4034,$4639,$4135,$4196,,
G055,16,235,60,235/60R16-104V G055 YOKOHAMA,206215,$4503,$5011,$4616,$4683,NUEVO PRECIO,
G055,16,235,70,235/70R16-106H G055 YOKOHAMA,206219,$4172,$4580,$4277,$4339,,
G055,16,225,65,225/65R16-100H G055 YOKOHAMA,206212,$4901,$5637,$5024,$5097,NUEVO PRECIO,
G055,16,225,70,225/70R16-103H G055 YOKOHAMA,206214,$3966,$4532,$4065,$4125,,
G055,16,215,65,215/65R16-98H G055 YOKOHAMA,206208,$4215,$4656,$4320,$4384,NUEVO PRECIO,
G055,16,215,70,215/70R16-100H G055 YOKOHAMA,206209,$3960,$4347,$4059,$4118,NUEVO PRECIO,
G055,15,225,15,225/70R15-100H G055  4T YOKOHAMA,206806,$3703,$4258,$3795,$3851,NUEVO PRECIO,
G055,15,205,70,205/70R15-96H G055 YOKOHAMA,206361,$3181,$3492,$3261,$3308,,
G056,,,,,,,,,,,
G056,20,285,50,285/50R20-112V G056 YOKOHAMA,207757,$8291,$9200,$8498,$8622,,
G056,18,285,60,285/60R18-116H G056  YOKOHAMA,206949,$6416,$7217,$6576,$6672,NUEVO PRECIO,
G056,18,265,60,265/60R18-110H G056  YOKOHAMA,206942,$5557,$6100,$5696,$5779,,
G056,18,255,60,255/60R18-112V G056 YOKOHAMA,207222,$5700,$6570,$5842,$5928,NUEVO PRECIO,
G056,17,285,65,285/65R17-116H G056  4T YOKOHAMA,206950,$5058,$6424,$5184,$5260,NUEVO PRECIO,
G056,17,275,65,275/65R17 115H G056 YOKOHAMA,207755,$6735,$7590,$6903,$7004,NUEVO PRECIO,
G056,17,265,65,265/65R17-112H G056  YOKOHAMA,206943,$5464,$5998,$5600,$5682,,
G056,17,265,70,265/70R17-115S G056  YOKOHAMA,206945,$4920,$5635,$5043,$5117,NUEVO PRECIO,
G056,17,255,65,255/65R17-114H G056  YOKOHAMA,206940,$4575,$5596,$4689,$4758,,
G056,17,225,70,225/70R17-108T G056 YOKOHAMA,207141,$5306,$5824,$5438,$5518,NUEVO PRECIO,
G056,16,265,70,265/70R16-112H G056  YOKOHAMA,206944,$4889,$5355,$5011,$5085,NUEVO PRECIO,
G056,16,265,75,265/75R16-116H G056   YOKOHAMA,206946,$4786,$5486,$4905,$4977,NUEVO PRECIO,
G056,16,255,65,255/65R16-109H G056  YOKOHAMA,206939,$4060,$4879,$4162,$4223,,
G056,16,255,70,255/70R16-111H G056  YOKOHAMA,206941,$4824,$5548,$4945,$5017,,
G056,16,245,70,245/70R16-111H G056  YOKOHAMA,206938,$4150,$4414,$4254,$4316,,
G056,15,265,70,265/70R15-112H G056  YOKOHAMA,206948,$4511,$4952,$4624,$4691,,
G056,15,255,70,255/70R15-108H G056  YOKOHAMA,206947,$4350,$4815,$4458,$4524,,
G056,15,235,75,235/75R15-109H G056 YOKOHAMA,206937,$4014,$4407,$4115,$4175,,
G056,15,215,70,215/70R15- 98H  G056 YOKOHAMA,206936,$3485,$3825,$3572,$3624,,
G071,,,,,,,,,,,
G071,15,225,70,225/70R15-100T G071 YOKOHAMA,205685,$2009,$3030,$2059,$2089,,
G071,15,10,N/A,31X10.5R15-109Q G071 R  YOKOHAMA,205815,$2009,$4167,$2059,$2089,,
G900,,,,,,,,,,,
G900,16,215,60,215/60R16-95V G900 R  4T YOKOHAMA,202418,$3478,$4005,$3565,$3617,NUEVO PRECIO,
G900A,,,,,,,,,,,
G900A,17,215,55,215/55R17-94V G900A R  4T YOKOHAMA,202419,$3518,$3924,$3606,$3658,NUEVO PRECIO,
G902,,,,,,,,,,,
G902,17,265,65,265/65R17-112H G902 R  4T YOKOHAMA,202812,$3060,$4036,$3136,$3182,,
G91A,,,,,,,,,,,
G91A,17,225,65,225/65R17-101H G91A R  4T YOKOHAMA,202700,$5051,$5809,$5177,$5253,,
G91AV,,,,,,,,,,,
G91AV,17,225,65,225/65R17 102H G91AV YOKOHAMA,206646,$5497,$6209,$5635,$5717,NUEVO PRECIO,
G91F,,,,,,,,,,,
G91F,17,225,60,225/60R17-99V G91F YOKOHAMA,206005,$5147,$5405,$5276,$5353,NUEVO PRECIO,
G94,,,,,,,,,,,
G94,17,265,65,265/65R17-112S G94DV  YOKOHAMA,206951,$5059,$5693,$5185,$5261,,
G94B,,,,,,,,,,,
G94B,17,285,65,285/65R17-116H G94B R  4T YOKOHAMA,202802,$5686,$6836,$5828,$5913,,
G95A,,,,,,,,,,,
G95A,17,225,55,225/55R17-97V G95A R  4T YOKOHAMA,202809,$4705,$5190,$4823,$4893,NUEVO PRECIO,
G95A,17,225,60,225/60R17-99V G95A R YOKOHAMA,205040,$4830,$5302,$4951,$5023,NUEVO PRECIO,
PA02,,,,,,,,,,,
PA02,24,305,35,305/35R24-112V  PA02  4T YOKOHAMA,206680,$7563,$8698,$7752,$7866,,
PA02,20,305,50,305/50R20-120V  4T PA02 YOKOHAMA,206812,$6821,$8281,$6992,$7094,,
PA02,20,295,45,295/45R20 114V PA02 YOKOHAMA,207465,$10497,$0,$10759,$10917,NUEVO PRECIO,
PA02,20,275,40,275/40R20-106V PA02 YOKOHAMA,206499,$8645,$9946,$8861,$8990,NUEVO PRECIO,
PA02,20,275,45,275/45R20-110V PA02 YOKOHAMA,205873,$9588,$10983,$9827,$9971,NUEVO PRECIO,
PA02,20,275,55,275/55R20-117B PA02 YOKOHAMA,206969,$11368,$9712,$11653,$11823,NUEVO PRECIO,
PA02,20,265,50,265/50R20-111V PA02 YOKOHAMA,206198,$9901,$12635,$10149,$10297,NUEVO PRECIO,
PA02,20,255,40,255/40R20-101V  8T PA02 YOKOHAMA,206810,$7299,$10182,$7482,$7591,,
PA02,20,255,45,255/45R20-105V PA02 YOKOHAMA,206811,$8361,$9571,$8570,$8695,NUEVO PRECIO,
PA02,20,255,50,255/50R20 -109V PA02  YOKOHAMA,206677,$8815,$10056,$9036,$9168,NUEVO PRECIO,
PA02,20,245,45,245/45R20-99V PA02 YOKOHAMA,206611,$5381,$6538,$5516,$5596,,
PA02,20,235,55,235/55R20-102V PA02 YOKOHAMA,206804,$5554,$7071,$5693,$5776,,
PA02,19,235,55,235/55R19-101V PA02 YOKOHAMA,205082,$5338,$5859,$5471,$5551,NUEVO PRECIO,
PA02,18,245,60,245/60R18-105H PA02 YOKOHAMA,205080,$5044,$5250,$5170,$5245,,
PA02,18,235,55,235/55R18-100V PA02 YOKOHAMA,205077,$5145,$5648,$5273,$5351,NUEVO PRECIO,
PA02,18,235,60,235/60R18-103V PA02 YOKOHAMA,205078,$4729,$5217,$4848,$4919,,
PA02,18,235,65,235/65R18-106H PA02 YOKOHAMA,205079,$4830,$5555,$4951,$5023,NUEVO PRECIO,
PA02,18,225,60,225/60R18-100H PA02 YOKOHAMA,205076,$4769,$5485,$4888,$4960,,
PA02,17,225,65,225/65R17-102H PA02  YOKOHAMA,205075,$5066,$5473,$5193,$5269,,
RV02,,,,,,,,,,,
RV02,20,245,35,245/35R20-95W RV02 YOKOHAMA,207703,$8138,$9460,$8341,$8463,NUEVO PRECIO,
RV02,19,225,40,225/40R19-93W RV02 YOKOHAMA,207534,$5472,$6490,$5609,$5691,,
RV02,19,225,55,225/55R19-99V RV02 YOKOHAMA,207698,$5867,$6200,$6014,$6102,,
RV02,18,235,50,235/50R18-97V RV02 YOKOHAMA,207641,$6187,$7056,$6342,$6435,NUEVO PRECIO,
RV02,18,235,55,235/55R18-100V RV02 YOKOHAMA,207700,$5598,$6160,$5738,$5822,NUEVO PRECIO,
RV02,18,235,60,235/60R18-103W RV02 YOKOHAMA,207531,$5304,$5565,$5436,$5516,,
RV02,18,235,65,235/65R18-106V RV02 YOKOHAMA,207695,$5332,$6050,$5465,$5545,NUEVO PRECIO,
RV02,18,225,45,225/45R18- 95W RV02 YOKOHAMA,207540,$4955,$5985,$5079,$5154,,
RV02,18,225,50,225/50R18-95V RV02 YOKOHAMA,207702,$5816,$6500,$5962,$6049,NUEVO PRECIO,
RV02,18,225,55,225/55R18-98V RV02 YOKOHAMA,207662,$5788,$6656,$5933,$6020,NUEVO PRECIO,
RV02,18,225,60,225/60R18-100V RV02 YOKOHAMA,207693,$4847,$5800,$4968,$5041,,
RV02,18,215,45,215/45R18-93V RV02 YOKOHAMA,207701,$5332,$5610,$5465,$5545,NUEVO PRECIO,
RV02,18,215,55,215/55R18-99V RV02 YOKOHAMA,207697,$5612,$6800,$5753,$5837,,
RV02,17,235,55,235/55R17-103V RV02 YOKOHAMA,207699,$5357,$5800,$5491,$5571,,
RV02,17,225,60,225/60R17 99H RV02 YOKOHAMA,207692,$5089,$5460,$5217,$5293,NUEVO PRECIO,
RV02,17,225,65,225/65R17 106V RV02 YOKOHAMA,207694,$4847,$5800,$4968,$5041,,
RV02,17,215,55,215/55R17-94V RV02 YOKOHAMA,207696,$4592,$4800,$4707,$4776,,
RV02,16,215,65,215/65R16-98H RV02 YOKOHAMA,207691,$4554,$5040,$4667,$4736,NUEVO PRECIO,
RV02,16,205,65,205/65R16 95H RV02 YOKOHAMA,207687,$3699,$4100,$3791,$3847,,
RV02,15,215,65,215/65R15-96H RV02 YOKOHAMA,207690,$3884,$4305,$3981,$4039,NUEVO PRECIO,
RY215,,,,,,,,,,,
RY215,16,"7,5",N/A,7.50R16- RY215 R  12T YOKOHAMA,202267,$6244,$7180,$6400,$6493,,
RY818,,,,,,,,,,,
RY818,16,235,65,235/65 R16C R115/113 RY818 YOKOHAMA,207459,$5893,$6777,$6040,$6129,,
RY818,16,225,65,225/65R16-112/110R RY818 YOKOHAMA,206550,$4844,$5328,$4965,$5037,,
RY818,16,225,75,225/75R16C-121R RY818 YOKOHAMA,205485,$5145,$5648,$5273,$5351,,
RY818,16,215,65,215/65R16C -106T  RY818  YOKOHAMA,206688,$4034,$4955,$4135,$4195,,
RY818,16,215,75,215/75R16C-106R RY818 YOKOHAMA,205486,$4190,$5062,$4295,$4358,,
RY818,16,205,65,205/65R16C- 107T  RY818  4T YOKOHAMA,206686,$3667,$4267,$3759,$3814,,
RY818,16,205,75,205/75R16C-120R RY818 R  8T YOKOHAMA,205489,$4176,$4584,$4280,$4343,,
RY818,16,195,75,195/75R16C-107R RY818 R  8T YOKOHAMA,205487,$4021,$4414,$4122,$4182,,
RY818,15,225,70,225/70R15C-112R RY818 R  8T YOKOHAMA,202426,$3675,$4973,$3767,$3823,,
RY818,15,215,70,215/70R15C 109R RY818 YOKOHAMA,205482,$3170,$3479,$3249,$3297,,
RY818,15,205,65,205/65R15C 102/100T  RY818 YOKOHAMA,205790,$3317,$3918,$3400,$3450,,
RY818,15,205,75,205/70R15C- 106R RY818  YOKOHAMA,205481,$4184,$4811,$4288,$4351,,
RY818,15,195,70,195/70R15C-104R RY818 R  8T YOKOHAMA,202427,$4165,$4572,$4269,$4331,,
RY818,15,195,R,195R15C-  106/104R  RY818   8T YOKOHAMA,206694,$4113,$4730,$4216,$4278,,
RY818,14,175,65,175/65R14C-90T RY818 YOKOHAMA,205484,$2963,$3135,$3037,$3082,,
RY818,12,155,N/A,155R12C-108N RY818  8T YOKOHAMA,205684,$2634,$3183,$2699,$2739,,
V105,,,,,,,,,,,
V105,18,245,50,245/50R18-100W V105 YOKOHAMA,206006,$7142,$8000,$7320,$7427,,
V105S,,,,,,,,,,,
V105S,18,235,50,235/50ZR18 101Y V105S YOKOHAMA,207771,$6633,$7900,$6798,$6898,NUEVO PRECIO,
V551,,,,,,,,,,,
V551,20,275,30,275/30R20 97W V551 YOKOHAMA,207752,$12500,$14500,$12813,$13000,,
V802,,,,,,,,,,,
V802,22,275,30,275/30R22-99Y V802 R  4T YOKOHAMA,202531,$6056,$12600,$6207,$6298,,
V802,20,275,50,275/50R20-113W V802 R  4T YOKOHAMA,202540,$10172,$11952,$10427,$10579,NUEVO PRECIO,
V802,20,255,50,255/50R20 -119Y  V802  4T YOKOHAMA,206682,$8559,$10685,$8773,$8901,,
V802,19,285,45,285/45R19-107W V802 R  4T YOKOHAMA,202554,$4794,$9892,$4914,$4986,,
V802,18,285,55,285/55R18-113W V802 R  4T YOKOHAMA,202544,$4326,$7715,$4434,$4499,,
V802,18,255,55,255/55R18-109W V802 R  4T YOKOHAMA,202548,$7061,$8762,$7238,$7344,NUEVO PRECIO,
V802,18,235,55,235/55R18-100W V802 R  4T YOKOHAMA,202547,$4954,$5697,$5078,$5152,,
V802,17,275,55,275/55R17-109W V802 R  4T YOKOHAMA,202552,$2466,$6860,$2528,$2565,,
V802,17,255,50,255/50R17-101W V802 R  4T YOKOHAMA,202550,$2403,$6469,$2463,$2499,,
V802,17,255,60,255/60R17-110W V802 R  4T YOKOHAMA,202517,$3188,$5960,$3268,$3315,,
V802,17,235,55,235/55R17-103W V802 R  4T YOKOHAMA,202667,$5072,$6715,$5199,$5275,,
V902,,,,,,,,,,,
V902,18,235,60,235/60R18-107H V902  YOKOHAMA,205217,$2946,$3292,$3020,$3064,,
V902A,,,,,,,,,,,
V902A,18,235,55,235/55R18-100V V902A YOKOHAMA,206347,$1889,$4264,$1936,$1965,,
WY01,,,,,,,,,,,
WY01,16,225,65,225/65R16C-112R WY01  YOKOHAMA,206882,$2411,$4871,$2471,$2507,,
WY01,15,225,70,225/70R15C-112R WY01  YOKOHAMA,206883,$2009,$3406,$2059,$2089,,
WY01,15,195,70,195/70R15C-104R WY01  YOKOHAMA,206880,$2009,$3593,$2059,$2089,,
Y354,,,,,,,,,,,
Y354,15,195,70,195/70R15C-R104/102  Y354 R  YOKOHAMA,202853,$3352,$3855,$3436,$3486,,
Y354,14,205,N/A,205R14C- N109/107 Y354   YOKOHAMA,202852,$2236,$3155,$2292,$2326,,
Y354,14,195,N/A,195R14C-106/104Q Y354 R  8T YOKOHAMA,202781,$2669,$3222,$2736,$2776,,
Y355A,,,,,,,,,,,
Y355A,12,155,N/A,155R12C- 88/86N Y355A R  8T YOKOHAMA,202428,$2627,$3021,$2692,$2732,,
Y818,,,,,,,,,,,
Y818,14,195,N/A,195R14C-108R Y818 R  8T YOKOHAMA,205495,$3682,$4097,$3774,$3829,NUEVO PRECIO,
Y828A,,,,,,,,,,,
Y828A,16,205,N/A,205R16C-C Y828A R  8T YOKOHAMA,202357,$5245,$5760,$5377,$5455,NUEVO PRECIO,