FEBRERO 2018,,,,,,,,
,,,,,,,,
,,,,,,,,
,,,,,,,,
,,,,,,,,
,,,,,,,,
,,,,,,,,
,,,,,,,,
,,,,,,,,
,,,,,,,,
,,,,,,,,
,,,,,,,,
,,,,,,,,
,,,,,,,,
,,,,,,,,
,,,,,,,,
*Lista de precios sujeta a modificaciones sin previo aviso. Los precios incluyen IVA. Consultar stock. ,,,,,,,,
,,,,,,,,
,,,,,,,,
,,,,,,,,
,,,,,,,,
,,,,,,,,
,,,,,,,,
,,,,,,,,
,,,,,,,,
,,,,,,,,
,,,,,,,,
,,,,,,,,
,,,,,,,,
,,,,,,,,
,,,,,,,,
,,,,,,,,
,,,,,,,,
,,,,,,,,
,,,,,,,,
,,,,,,,,
,,,,,,,,
,,,,,,,,
,,,,,,,,
,,,,,,,,
,,,,,,,,
,,,,,,,,
,,,,,,,,
,,,,,,,,
,,,,,,,,
,,,,,,,,
,,,,,,,,
,,,,,,,,
,,,,,,,,
,,,,,,,,
,,,,,,,,
,,,,,,,,
,,,,,,,,
,,,,,,,,
,,,,,,,,
,,,,,,,,
,,,,,,,,
,,,,,,,,
,,,,,,,,
,,,,,,,,
,,,,,,,,
,,,,,,,,
,,,,,,,,
,,,,,,,,
,,,,,,,,
,,,,,,,,
,,,,,,,,
,,,,,,,,
,,,,,,,,
,,,,,,,,
,,,,,,,,
,,,,,,,,
,,,,,,,,
,,,,,,,,
,,,,,,,,
,,,,,,,,
,,,,,,,,
,,,,,,,,
,,,,,,,,
,,,,,,,,
,,,,,,,,
,,,,,,,,
Diseño,Diametro,Ancho,Talon,Descripcion,Codigo,PL,PVP / ONLINE,
FILTRO,,,,,,,,
,,,,AUTOMOVIL RUN-FLAT,,,,
V103,,,,,,,,
V103,18,275,35,RF275/35RF18-95Y V103 YOKOHAMA,207010,$7530,$10907,
V103,18,245,40,RF245/40RF18-93Y V103 YOKOHAMA,206193,$7337,$8254,
V103,18,245,50,RF245/50RF18-100W V103S YOKOHAMA,202794,$9174,$11123,
V103,16,195,55,RF195/55RF16-87 V V103S YOKOHAMA,202793,$2818,$4099,
V103S,18,255,35,255/35RF18-90Y  V103S  YOKOHAMA,206935,$12320,$14890,
V103S,18,225,40,RF225/40RF18 88Y V103S YOKOHAMA,205274,$5654,$6625,
V103S,17,255,40,RF255/40RF17-94Y V103S  YOKOHAMA,205259,$7615,$8757,
V103S,17,245,45,RF245/45RF17-95Y V103S YOKOHAMA,205222,$7336,$8954,
V103S,17,225,45,RF225/45RF17-91Y V103S  YOKOHAMA,202792,$5694,$6678,
V103S,17,225,50,RF225/50RF17 94Y V103S YOKOHAMA,205427,$5730,$6621,
V103S,17,205,45,RF205/45RF17-84V V103S YOKOHAMA,205220,$4565,$5311,
V103S,16,225,50,RF225/50RF16-92W V103S  YOKOHAMA,205980,$5516,$6344,
V103S,16,205,55,RF205/55RF16-91W V103S YOKOHAMA,205221,$3834,$4727,
AC02A,,,,,,,,
AC02A,18,235,50,RF235/50RF18-97V AC02A ZPS 4T YOKOHAMA,206858,$9200,$10580,
V902A,,,,,,,,
V902A,17,225,45,RF225/45RF17-91H V902A YOKOHAMA,206319,$2679,$3812,
,,,,AUTOMOVIL ,,,,
A10A,,,,,,,,
A10A,16,215,55,215/45R18-89W A10A  YOKOHAMA,202805,$4632,$5576,
A10E,,,,,,,,
A10E,17,215,50,215/50R17-91V A10E YOKOHAMA,205041,$3466,$4175,
A10E,17,205,50,205/50R17-89V A10E  YOKOHAMA,202816,$3297,$3826,
A10J,,,,,,,,
A10J,17,215,50,215/50R17-91W A10J YOKOHAMA,205472,$3755,$4313,
A349,,,,,,,,
A349,16,205,55,205/55R16-89V A349  YOKOHAMA,205494,$2765,$3033,
A460,,,,,,,,
A460,16,205,55,205/55R16-91V A460 4T YOKOHAMA,206931,$3143,$3589,
A539,,,,,,,,
A539,14,185,50,185/50R14-77V A539  YOKOHAMA,202709,$2911,$3329,
A539,14,175,60,175/60R14-79H A539  YOKOHAMA,202299,$2275,$2535,
A539,13,185,60,185/60R13-80H A539  YOKOHAMA,202300,$2579,$2851,
A539,13,175,50,175/50R13-72V A539 YOKOHAMA,206879,$2493,$2618,
A539,13,175,60,175/60R13-77H A539  YOKOHAMA,202555,$2214,$2324,
A539,12,165,60,165/60R12-71H A539  YOKOHAMA,202776,$2091,$2314,
AA01,,,,,,,,
AA01,14,185,60,185/60R14-82T AA01  YOKOHAMA,202756,$1127,$1297,
AC01,,,,,,,,
AC01,16,225,50,225/50R16-92W AC01  YOKOHAMA,202472,$3329,$3828,
AC01,16,205,45,205/45R16-87W AC01  YOKOHAMA,202465,$2943,$3384,
AC01,16,195,50,195/50R16-88V AC01  YOKOHAMA,202446,$3817,$4810,
AC01,16,185,55,185/55R16-83V AC01  YOKOHAMA,205535,$2057,$2740,
AC01,15,215,60,215/60R15-98V AC01  YOKOHAMA,202452,$2703,$3021,
AC02,,,,,,,,
AC02,17,225,45,225/45R17-91V AC02 YOKOHAMA,205822,$4279,$4921,
AC02,16,225,60,225/60R16-98W AC02  YOKOHAMA,205700,$3242,$3729,
AC02,16,205,55,205/55R16-91H AC02 YOKOHAMA,206562,$2528,$3155,
AC02,16,205,55,205/55R16-91V AC02 4T YOKOHAMA,207243,$3757,$4320,
AC02,16,195,55,195/55R16-87V AC02 YOKOHAMA,205616,$3650,$4621,
AC02,15,225,60,225/60R15-96V AC02B  YOKOHAMA,205591,$2775,$3172,
AC02,15,205,65,205/65R15-94V AC02  YOKOHAMA,205586,$2716,$3124,
AC02,15,195,50,195/50R15-82V AC02 YOKOHAMA,205615,$2197,$2846,
AC02,14,195,60,195/60R14-86H AC02  YOKOHAMA,205581,$2124,$2442,
AC02B,,,,,,,,
AC02B,16,215,60,215/60R16-99V  XL AC02B YOKOHAMA,205589,$2531,$3050,
AD08,,,,,,,,
AD08,19,295,30,295/30R19-100W AD08 YOKOHAMA,205074,$12164,$12800,
AD08,19,275,35,275/35R19-96W AD08 YOKOHAMA,206868,$9657,$12669,
AD08,19,265,35,265/35R19-94W AD08 YOKOHAMA,206964,$9095,$11732,
AD08,19,255,35,255/35R19-92W AD08 YOKOHAMA,205067,$8181,$10424,
AD08,19,245,40,245/40R19-94W AD08 YOKOHAMA,207178,$6945,$8681,
AD08,18,285,30,285/30R18-93W AD08 YOKOHAMA,205073,$8517,$10227,
AD08,18,265,35,265/35R18-93W AD08 YOKOHAMA,205072,$8618,$9910,
AD08,18,265,40,265/40R18-101W AD08 YOKOHAMA,206928,$9033,$10388,
AD08,18,255,40,255/40R18-95W AD08 YOKOHAMA,205069,$6819,$10385,
AD08,18,245,40,245/40R18-93W AD08 YOKOHAMA,205064,$6094,$7312,
AD08,18,245,45,245/45R18-96W AD08 YOKOHAMA,205066,$6659,$8313,
AD08,18,235,40,235/40R18-91W AD08 YOKOHAMA,205061,$4562,$5246,
AD08,18,225,45,225/45R18-91W AD08 YOKOHAMA,205056,$6308,$7254,
AD08,17,255,40,255/40R17-94W AD08 YOKOHAMA,205068,$6821,$8283,
AD08,17,245,45,245/45R17-95W AD08 YOKOHAMA,205065,$5941,$7503,
AD08,17,235,40,235/40R17-90W AD08 YOKOHAMA,205059,$5846,$7314,
AD08,17,215,45,215/45R18-89W AD08  YOKOHAMA,207142,$5630,$6180,
AD08,16,215,45,215/45R16-86W AD08 YOKOHAMA,206490,$4741,$5439,
AE01,,,,,,,,
AE01,18,175,60,175/60R15-81H AE01 YOKOHAMA,206088,$1887,$2091,
AE01,16,215,60,215/60R16-99H AE01  YOKOHAMA,206091,$2226,$2545,
AE01,16,205,55,205/55R16-91H AE01  YOKOHAMA,206204,$2419,$3477,
AE01,15,205,65,205/65R15 94H AE01 YOKOHAMA,207515,$1626,$2300,
AE01,15,205,65,205/65R15-99H AE01  YOKOHAMA,206354,$2133,$2576,
AE01,15,195,55,195/55R15 85H AE01 YOKOHAMA,207468,$1572,$2127,
AE01,15,195,55,195/55R15-85V AE01  YOKOHAMA,206206,$2009,$2310,
AE01,15,185,60,185/60R15 88H AE01 YOKOHAMA,207469,$1858,$2137,
AE01,15,185,60,185/60R15-84H AE01  YOKOHAMA,206352,$1528,$1952,
AE01,15,185,65,185/65R15-88H AE01  YOKOHAMA,206201,$1980,$2277,
AE01,15,185,65,185/65R15-88T AE01 YOKOHAMA,206985,$1664,$2251,
AE01,15,175,55,175/55R15-77V AE01 YOKOHAMA,206071,$2306,$2652,
AE01,15,175,65,175/65R15-84H AE01  YOKOHAMA,206089,$1789,$2057,
AE01,14,195,60,195/60R14-86H AE01  YOKOHAMA,206531,$2078,$2213,
AE01,14,195,65,195/65R14-89H AE01  YOKOHAMA,206505,$1691,$2226,
AE01,14,195,70,195/70R14-91H AE01  YOKOHAMA,207517,$1913,$2200,
AE01,14,195,70,195/70R14-91T AE01  YOKOHAMA,206203,$1748,$2364,
AE01,14,185,60,185/60R14-82H AE01  YOKOHAMA,206205,$1775,$1952,
AE01,14,185,60,185/60R14-82T AE01  YOKOHAMA,207536,$1531,$1800,
AE01,14,185,70,185/70R14-88H AE01  YOKOHAMA,206493,$1593,$2035,
AE01,14,175,70,175/70R14-84T AE01 YOKOHAMA,206547,$1953,$2246,
AE01,14,165,55,165/55R14-72H AE01  YOKOHAMA,206090,$1770,$2157,
AE01,14,165,60,165/60R14-75T AE01  YOKOHAMA,206093,$1630,$2102,
AE01,14,165,65,165/65R14-82T AE01  YOKOHAMA,206094,$1414,$1709,
AE01,14,165,70,165/70R14- 81S AE01  YOKOHAMA,207538,$1473,$1694,
AE01,13,185,70,185/70R13-86T AE01  YOKOHAMA,206504,$1973,$2153,
AE01,13,175,70,175/70R13-82H AE01 YOKOHAMA,207516,$1473,$1654,
AE01,13,175,70,175/70R13-82T AE01 YOKOHAMA,206360,$1321,$1688,
AE01,13,165,70,165/70R13-79T AE01 YOKOHAMA,206491,$1562,$1714,
AE01,13,155,70,155/70R13-75T AE01  YOKOHAMA,206821,$1255,$1411,
AE01A,,,,,,,,
AE01A,13,145,70,145/70R13-71T AE01A  YOKOHAMA,207192,$995,$1170,
AE50,,,,,,,,
AE50,18,245,45,245/45R18-100W  AE50 4T  YOKOHAMA,206852,$5749,$6932,
AE50,18,235,40,235/40R18-95W AE50 4T  YOKOHAMA,206843,$4599,$5288,
AE50,18,225,40,225/40R18-92W AE50 4T  YOKOHAMA,206842,$3672,$4264,
AE50,18,225,50,225/50R18-95W AE50 YOKOHAMA,207650,$4420,$5040,
AE50,17,245,45,245/45R17-99W AE50 4T   YOKOHAMA,206855,$5777,$6691,
AE50,17,235,45,235/45R17-97W AE50 4T   YOKOHAMA,206851,$3793,$4362,
AE50,17,225,45,225/45R17-91W AE50 4T YOKOHAMA,206848,$4099,$4713,
AE50,17,225,45,225/45R17-94W AE50 YOKOHAMA,207350,$3691,$4341,
AE50,17,225,50,225/50R17-98W AE50 4T  YOKOHAMA,206850,$4413,$5075,
AE50,17,225,55,225/55R17-101W  AE50 4T  YOKOHAMA,206841,$4155,$4779,
AE50,17,215,45,215/45R17-91W AE50 4T   YOKOHAMA,206854,$3093,$3402,
AE50,17,215,50,215/50R17-95W AE50 4T   YOKOHAMA,206847,$3714,$4272,
AE50,17,205,45,205/45R17-88W AE50 4T YOKOHAMA,206853,$3209,$3691,
AE50,17,205,50,205/50R17-93W AE50 4T  YOKOHAMA,206846,$3088,$3445,
AE50,16,225,55,225/55R16-99W AE50 4T  YOKOHAMA,206840,$4118,$4736,
AE50,16,215,55,215/55R16-97W AE50 4T  YOKOHAMA,206836,$3490,$4014,
AE50,16,215,60,215/60R16-99V AE50 4T  YOKOHAMA,206838,$3376,$3883,
AE50,16,215,65,215/65R16-98H AE50 4T  YOKOHAMA,206839,$3842,$4033,
AE50,16,205,45,205/45R16-87W AE50 YOKOHAMA,207349,$2791,$3210,
AE50,16,205,55,205/55R16-91W AE50 4T  YOKOHAMA,206833,$2983,$4036,
AE50,16,205,60,205/60R16-96W AE50 4T YOKOHAMA,206835,$3463,$3833,
AE50,16,195,45,195/45R16-84V AE50 4T  YOKOHAMA,206844,$2843,$3528,
AE50,16,195,50,195/50R16-84V AE50  YOKOHAMA,207539,$3098,$4001,
AE50,16,195,50,195/50R16-88V AE50 4T  YOKOHAMA,206845,$3493,$4017,
AE50,16,195,55,195/55R16-87V AE50 4T YOKOHAMA,206830,$3291,$3785,
AE50,15,205,60,205/60R15-91V AE50 YOKOHAMA,206834,$2694,$3259,
AE50,15,195,60,195/60R15-88V AE50  4T  YOKOHAMA,206831,$2553,$3068,
AE50,15,195,65,195/65R15 91H AE50 YOKOHAMA,207472,$2326,$2843,
AE50,15,195,65,195/65R15-91V AE50 4T  YOKOHAMA,206832,$2786,$3203,
AR01,,,,,,,,
AR01,18,235,40,235/40ZR18-95W AR01  YOKOHAMA,202574,$4583,$5271,
AR01,18,225,40,225/40ZR18-92W AR01  YOKOHAMA,202575,$3861,$4086,
AR01,17,235,45,235/45ZR17-97W AR01  YOKOHAMA,202577,$3782,$4356,
AR01,17,215,40,215/40ZR17-87W AR01  YOKOHAMA,202572,$2860,$3425,
AR01,17,215,45,215/45ZR17-91W AR01  YOKOHAMA,202579,$3155,$3421,
AR01,17,205,40,205/40ZR17-84W AR01  YOKOHAMA,202573,$3044,$3443,
AR01,17,205,45,205/45ZR17-88W AR01  YOKOHAMA,202580,$3402,$3713,
AR01,16,225,50,225/50ZR16-92W AR01  YOKOHAMA,202581,$3259,$3663,
AR01,16,205,45,205/45R16-87V AR01  YOKOHAMA,202576,$2665,$3162,
AR01,16,205,50,205/50R16-91V AR01  YOKOHAMA,202582,$3022,$3380,
AR01,16,195,50,195/50R16-84V AR01  YOKOHAMA,202583,$3293,$3787,
AS01,,,,,,,,
AS01,19,235,35,235/35R19-91Y AS01  YOKOHAMA,202741,$5089,$5567,
AS01,19,215,35,215/35R19-85Y AS01  YOKOHAMA,202732,$4721,$5152,
AS01,18,255,35,255/35R18- 94Y AS01  YOKOHAMA,200915,$7251,$8570,
AS01,18,245,35,245/35R18-92Y AS01  YOKOHAMA,202742,$5323,$6069,
AS01,18,225,35,225/35R18-87Y AS01  YOKOHAMA,202736,$2838,$3746,
AS01,18,225,40,225/40R18-92Y AS01  YOKOHAMA,202739,$3890,$4473,
AS01,18,215,35,215/35R18-84Y AS01  YOKOHAMA,202731,$3535,$4254,
AS01,18,215,40,215/40R18-89Y AS01  YOKOHAMA,202733,$3871,$4451,
AS01,18,205,40,205/40R18-86Y AS01  YOKOHAMA,202729,$3707,$4263,
AS01,17,235,40,235/40R17-90Y AS01  YOKOHAMA,202707,$4147,$4592,
AS01,17,225,35,225/35R17-86Y AS01  YOKOHAMA,202735,$1610,$1851,
AS01,17,215,35,215/35R17-83W AS01  YOKOHAMA,202743,$3188,$3975,
AS01,17,215,45,215/45R17-91Y AS01  YOKOHAMA,202734,$3339,$3762,
AS01,17,215,55,215/55R17-98Y AS01  YOKOHAMA,206640,$3413,$3906,
AS01,17,205,40,205/40R17-84W AS01  YOKOHAMA,202710,$3228,$3544,
AS01,17,205,45,205/45R17-88Y AS01  YOKOHAMA,202730,$3609,$3789,
AS01,17,195,40,195/40R17-81W AS01  YOKOHAMA,202747,$3641,$4396,
AS01,17,195,45,195/45R17-85W AS01  YOKOHAMA,202749,$3687,$4240,
AS01,16,215,40,215/40R16-82T  AS01  YOKOHAMA,205792,$2897,$3286,
AS01,16,215,40,215/40R16-86W AS01  YOKOHAMA,202754,$2606,$3213,
AS01,16,205,50,205/50R16-87W AS01  YOKOHAMA,202711,$3095,$3511,
AS01,16,195,40,195/40R16-80W AS01  YOKOHAMA,202746,$3108,$3574,
AS01,16,195,45,195/45R16-84W AS01  YOKOHAMA,202699,$2918,$3632,
AS01,16,175,50,175/50R16-77T AS01  YOKOHAMA,205791,$2541,$2682,
AS01,15,205,50,205/50R15-86V AS01  YOKOHAMA,202708,$3223,$3706,
AS01,15,205,55,205/55R15-88W AS01  YOKOHAMA,202753,$3843,$4420,
AS01,15,195,45,195/45R15-78W AS01  YOKOHAMA,202748,$2954,$3398,
AS01,15,195,55,195/55R15-85V AS01  YOKOHAMA,202751,$2587,$2975,
AS01,15,185,55,185/55R15-82V AS01  YOKOHAMA,202745,$2247,$2584,
AS01,14,185,55,185/55R14-80V AS01  YOKOHAMA,202744,$2861,$3290,
E70,,,,,,,,
E70,16,195,60,195/60R16 89H E70E YOKOHAMA,205678,$3271,$3762,
E70B,,,,,,,,
E70B,16,215,60,215/60R16-95V E70B YOKOHAMA,205860,$3556,$4090,
E70J,,,,,,,,
E70J,16,205,55,205/55R16-91V E70J YOKOHAMA,205643,$2646,$3347,
ES32,,,,,,,,
ES32,18,235,40,235/40R18 95W ES32 YOKOHAMA,207444,$3975,$4541,
ES32,17,245,40,245/40R17-91V ES32 YOKOHAMA,207418,$4385,$5554,
ES32,17,225,45,225/45R17-94V ES32 YOKOHAMA,207419,$3411,$3968,
ES32,17,215,40,215/40R17 87V ES32 YOKOHAMA,207464,$3094,$3360,
ES32,17,215,45,215/45R17 91V ES32 YOKOHAMA,207439,$2941,$3331,
ES32,17,215,50,215/50R17 95V ES32 YOKOHAMA,207440,$3592,$4130,
ES32,17,215,55,215/55R17-94V ES32 YOKOHAMA,207341,$3557,$3848,
ES32,17,205,84,205/40R17 84V ES32 YOKOHAMA,207463,$2672,$3045,
ES32,16,215,55,215/55R16 97V ES32 YOKOHAMA,207441,$2775,$3615,
ES32,16,215,60,215/60R16-99V ES32 YOKOHAMA,207342,$2761,$3313,
ES32,16,205,45,205/45R16-83V ES32 YOKOHAMA,207438,$2555,$2894,
ES32,16,205,55,205/55R16-91H ES32 YOKOHAMA,207365,$2595,$3316,
ES32,16,205,55,205/55R16-91V ES32 YOKOHAMA,207509,$2883,$3255,
ES32,16,205,60,205/60R16-92H ES32 YOKOHAMA,207340,$3226,$3712,
ES32,16,195,45,195/45R16-80V ES32 YOKOHAMA,207537,$2411,$2940,
ES32,16,195,50,195/50R16-84V ES32 YOKOHAMA,207532,$3295,$3789,
ES32,16,195,55,195/55R16-87V ES32 4T YOKOHAMA,207434,$3102,$3673,
ES32,16,195,60,195/60R16 89H ES32 YOKOHAMA,207660,$3150,$3622,
ES32,16,185,55,185/55R16-83V ES32 YOKOHAMA,207433,$2380,$2706,
ES32,15,205,60,205/60R15-91H ES32 YOKOHAMA,207366,$2510,$2886,
ES32,15,205,65,205/65R15-94H ES32 YOKOHAMA,207367,$2390,$2650,
ES32,15,205,65,205/65R15-99H ES32 YOKOHAMA,207369,$2510,$2783,
ES32,15,196,55,195/55R15-85V ES32 YOKOHAMA,207361,$2110,$2338,
ES32,15,195,50,195/50R15-82V ES32 YOKOHAMA,207370,$2183,$2416,
ES32,15,195,55,195/55R15 85H ES32 YOKOHAMA,207466,$2009,$2310,
ES32,15,195,60,195/60R15-88H ES32 YOKOHAMA,207362,$2034,$2326,
ES32,15,195,65,195/65R15 91H ES32 YOKOHAMA,207467,$2104,$2547,
ES32,15,195,65,195/65R15-91V ES32 YOKOHAMA,207510,$2232,$2567,
ES32,15,195,65,195/65R15-95V ES32 YOKOHAMA,207363,$2436,$2802,
ES32,15,185,55,185/55R15 82H ES32 YOKOHAMA,207470,$1952,$2340,
ES32,15,185,55,185/55R15 82V ES32 YOKOHAMA,207520,$2478,$2835,
ES32,15,185,60,185/60R15 84H ES32 YOKOHAMA,207471,$1793,$2057,
ES32,15,185,60,185/60R15-88H ES32 YOKOHAMA,207357,$2037,$2337,
ES32,15,185,65,185/65R15-88H ES32 YOKOHAMA,207358,$1960,$2652,
ES32,15,175,55,175/55R15-77V ES32 YOKOHAMA,207519,$2210,$2541,
ES32,15,175,60,175/60R15-81H ES32 YOKOHAMA,207511,$2009,$2310,
ES32,15,175,65,175/65R15-84H ES32 YOKOHAMA,207353,$1882,$2365,
ES32,15,155,60,155/60R15-74H ES32 YOKOHAMA,207462,$2111,$2427,
ES32,14,195,65,195/65R14-89H ES32 YOKOHAMA,207512,$1907,$2331,
ES32,14,195,70,195/70R14-91H ES32 YOKOHAMA,207364,$1969,$2264,
ES32,14,185,60,185/60R14-82H ES32 YOKOHAMA,207356,$1826,$2108,
ES32,14,185,65,185/65R14-86H ES32 YOKOHAMA,207421,$1572,$1850,
ES32,14,185,70,185/70R14-88H ES32 YOKOHAMA,207360,$1800,$2070,
ES32,14,175,65,175/65R14-82H ES32 YOKOHAMA,207352,$1512,$1687,
ES32,14,175,70,175/70R14-84H ES32 YOKOHAMA,207355,$1886,$2410,
ES32,14,175,70,175/70R14-84T ES32 YOKOHAMA,207420,$1732,$2343,
ES32,14,165,60,165/60R14-75T ES32 YOKOHAMA,207518,$1786,$2100,
ES32,14,165,65,165/65R14 79T ES32 XL YOKOHAMA,207456,$1540,$1712,
ES32,14,165,70,165/70R14 81T ES32 YOKOHAMA,207351,$1550,$1782,
ES32,14,155,65,155/65R14 75T ES32 XL YOKOHAMA,207454,$1888,$2172,
ES32,13,175,70,175/70R13-82T ES32 YOKOHAMA,207354,$1557,$1790,
ES32A,,,,,,,,
ES32A,18,225,40,225/40R18-92W ES32A YOKOHAMA,207416,$3743,$4109,
ES32A,17,235,45,235/45R17-97V ES32A YOKOHAMA,207527,$3436,$3895,
ES32A,17,235,45,235/45R17-97W ES32A YOKOHAMA,207445,$3436,$3895,
ES32A,17,225,50,225/50R17-94V ES32A YOKOHAMA,207417,$3839,$4415,
ES32A,16,225,55,225/55R16-95V ES32A YOKOHAMA,207533,$3788,$4158,
IG35,,,,,,,,
IG35,18,235,60,235/60R18-107T IG35 YOKOHAMA,206302,$3326,$4611,
IG35,18,225,40,225/40R18-92T IG35 YOKOHAMA,206286,$3337,$3848,
IG35,17,235,45,235/45R17-97T IG35 YOKOHAMA,206295,$4392,$5051,
IG35,17,225,55,225/55R17-101T IG35 YOKOHAMA,206289,$4039,$4931,
IG35,17,215,55,215/55R17-98T IG35 YOKOHAMA,206281,$3919,$4797,
IG35,16,245,70,245/70R16-107T IG35 YOKOHAMA,206307,$3703,$4258,
IG35,16,235,70,235/70R16-106T IG35 YOKOHAMA,206304,$2006,$2827,
IG35,16,225,55,225/55R16-99T IG35 YOKOHAMA,206288,$3400,$4344,
IG35,16,215,55,215/55R16-97T IG35 YOKOHAMA,206280,$3679,$4230,
IG35,15,205,70,205/70R15-96T IG35 YOKOHAMA,206277,$3122,$3812,
IG35,15,195,50,195/50R15-82T IG35 YOKOHAMA,206268,$1602,$3211,
IG35,15,195,60,195/60R15-92T IG35 YOKOHAMA,206271,$1472,$3916,
IG35,15,185,60,185/60R15-88T IG35 YOKOHAMA,206264,$1071,$3137,
IG35,14,185,70,185/70R14-92T IG35 YOKOHAMA,206267,$1074,$1909,
IG35,14,175,65,175/65R14-86T IG35 YOKOHAMA,206260,$1071,$2857,
IG35,14,175,70,175/70R14-84T IG35 YOKOHAMA,206261,$1071,$2791,
IG55,,,,,,,,
IG55,18,265,65,265/65R18-114T IG55 YOKOHAMA,206574,$5911,$7215,
IG55,17,265,65,265/65R17-116T IG55 YOKOHAMA,206575,$4478,$5157,
IG55,17,235,65,235/65R17-108T IG55 YOKOHAMA,206572,$5296,$6344,
IG55,17,225,45,225/45R17-94T IG55 YOKOHAMA,206580,$2679,$3500,
IG55,17,225,65,225/65R17-106T IG55 YOKOHAMA,206571,$3560,$5572,
IG55,16,265,70,265/70R16-112T IG55 YOKOHAMA,206576,$4264,$5107,
IG55,16,205,55,205/55R16-94T IG55 YOKOHAMA,206578,$3661,$4444,
IG55,16,205,60,205/60R16-96T IG55 YOKOHAMA,206567,$4110,$4973,
IG55,16,195,55,195/55R16-94T IG55 YOKOHAMA,206577,$3698,$4471,
IG55,15,195,65,195/65R15-95T IG55 YOKOHAMA,206566,$3378,$4055,
IG55,14,175,65,175/65R14-86T IG55 YOKOHAMA,206563,$2256,$2702,
IG55,14,175,70,175/70R14-88T IG55 YOKOHAMA,206564,$2413,$2929,
PA01,,,,,,,,
PA01,19,215,35,215/35ZR19-85Y PA01  YOKOHAMA,202480,$3109,$3891,
PA01,18,225,40,225/40ZR18-92W PA01  YOKOHAMA,202485,$3761,$4310,
PA01,18,215,35,215/35ZR18-84W PA01  YOKOHAMA,202479,$2908,$3639,
PA01,18,215,40,215/40ZR18-89W PA01  YOKOHAMA,202482,$3130,$3917,
PA01,17,215,40,215/40ZR17-87W PA01  YOKOHAMA,202481,$3182,$3659,
PA01,17,205,40,205/40ZR17-84W PA01  YOKOHAMA,202476,$3055,$3682,
V103,,,,,,,,
V103,35,315,20,315/35R20-110Y V103B  YOKOHAMA,205313,$11549,$14943,
V103,21,285,30,285/30ZR21-100Y V103  YOKOHAMA,202654,$7509,$9837,
V103,21,255,30,255/30ZR21-93Y V103  YOKOHAMA,202659,$9156,$11106,
V103,21,255,35,255/35ZR21-98Y V103  YOKOHAMA,202636,$7114,$8880,
V103,21,245,35,245/35ZR21-96Y V103  YOKOHAMA,202655,$6339,$7379,
V103,20,255,35,255/35ZR20-97Y V103  YOKOHAMA,202590,$8518,$10263,
V103,20,245,35,245/35ZR20-95Y V103  YOKOHAMA,202633,$8871,$10753,
V103,20,245,40,245/40ZR20-99Y V103  YOKOHAMA,202634,$8755,$11504,
V103,19,285,35,285/35ZR19-99Y V103  YOKOHAMA,202643,$7614,$9294,
V103,19,285,45,285/45R19-107Y V103B  YOKOHAMA,205312,$9486,$10909,
V103,19,255,40,255/40ZR19-100Y V103  YOKOHAMA,202638,$10286,$12623,
V103,19,255,50,255/50R19 - 107Y V103B   YOKOHAMA,205325,$6381,$7880,
V103,19,245,45,245/45ZR19-98Y V103  YOKOHAMA,202605,$6825,$9466,
V103,19,235,45,235/45ZR19-95Y V103  YOKOHAMA,202631,$7878,$9835,
V103,19,225,40,225/40ZR19-93Y V103  YOKOHAMA,202600,$6112,$7114,
V103,18,285,30,285/30ZR18-97Y V103  YOKOHAMA,202608,$7873,$9540,
V103,18,285,35,285/35ZR18-101Y V103  YOKOHAMA,202642,$7431,$9657,
V103,18,275,35,275/35ZR18-95Y V103  YOKOHAMA,202640,$7303,$9920,
V103,18,275,40,275/40ZR18-103Y V103  YOKOHAMA,202606,$8853,$11726,
V103,18,255,35,255/35ZR18-94Y V103  YOKOHAMAZ,202635,$8091,$9822,
V103,18,255,40,255/40ZR18-99Y V103  YOKOHAMA,202612,$5979,$7993,
V103,18,245,35,245/35ZR18-92Y V103  YOKOHAMA,202615,$6324,$8514,
V103,18,235,55,235/55R18-100Y V103B  YOKOHAMA,205311,$5237,$6022,
V103,18,225,45,225/45ZR18-95Y V103  YOKOHAMA,202601,$6530,$7510,
V103,18,225,50,225/50R18-95W V103EYOKOHAMA,205045,$4377,$5519,
V103,18,215,45,215/45ZR18-89Y V103  YOKOHAMA,202614,$5499,$6324,
V103,17,255,40,255/40ZR17-94Y V103  YOKOHAMA,202637,$5420,$6979,
V103,17,245,40,245/40R17-91W V103 YOKOHAMA,205043,$6082,$7409,
V103,17,235,50,235/50R17-100W V103  YOKOHAMA-,202653,$4721,$5762,
V103,17,235,55,235/55R17-99Y V103 YOKOHAMA,206192,$5397,$6153,
V103,17,225,45,225/45R17-91W V103S  YOKOHAMA,205252,$4760,$5474,
V103,17,225,55,225/55ZR17-101Y V103 YOKOHAMA,206191,$3873,$5123,
V103,16,205,55,205/55R16-91V V103S YOKOHAMA,205042,$3481,$3998,
V103A,,,,,,,,
V103A,20,295,40,295/40ZR20-106Y V103A  YOKOHAMA,202850,$10947,$13664,
V103B,,,,,,,,
V103B,21,295,35,295/35R21-107Y V103B  YOKOHAMA,202798,$11098,$13957,
V103B,20,275,40,275/40R20-106Y V103B  YOKOHAMA,202814,$9357,$10761,
V103B,20,275,45,275/45R20-110Y V103B  YOKOHAMA,201620,$10844,$12868,
V103B,20,235,55,235/55R20 V103B YOKOHAMA,207330,$6891,$7925,
V103B,19,275,45,275/45R19-108Y V103B  YOKOHAMA,202797,$8211,$9442,
V103B,19,265,50,265/50R19-110Y V103B  YOKOHAMA,202848,$9928,$11986,
V103B,18,255,55,255/55R18-109Y V103B  4T YOKOHAMA,206822,$7705,$9375,
V103D,,,,,,,,
V103D,18,245,45,245/45R18-96Y V103D  YOKOHAMA,202604,$4820,$6410,
V103F,,,,,,,,
V103F,18,245,45,245/45R18-96W V103F YOKOHAMA,205233,$6575,$7792,
V103S,,,,,,,,
V103S,20,265,35,265/35R20-99Y V103S  YOKOHAMA,207177,$9978,$11474,
V103S,20,265,35,265/35ZR20-99Y V103S  YOKOHAMA,202847,$10202,$11677,
V103S,19,255,40,255/40R19-100Y V103S  YOKOHAMA,206803,$9996,$12022,
V103S,18,295,35,295/35ZR18-99Y V103S  YOKOHAMA,202796,$10336,$12524,
V103S,18,255,45,255/45R18-99Y V103S 4T YOKOHAMA,207289,$7146,$9085,
V103S,18,235,40,235/40ZR18-91Y V103S POWS YOKOHAMA,202645,$7135,$8698,
V105,,,,,,,,
V105,50,225,16,225/50R16-92W V105 YOKOHAMA,205715,$4218,$4851,
V105,20,295,30,295/30ZR20-101Y V105 YOKOHAMA,206991,$15240,$17526,
V105,20,295,35,295/35ZR20-105Y V105 YOKOHAMA,206809,$10232,$13061,
V105,20,275,35,275/35ZR20-102Y V105 YOKOHAMA,206036,$8947,$11041,
V105,20,255,40,255/40ZR20-101Y V105  YOKOHAMA,206966,$9439,$11989,
V105,19,285,30,285/30ZR19-98Y V105S  YOKOHAMA,207130,$11483,$13205,
V105,19,285,35,285/35R19-99Y V105 YOKOHAMA,207344,$9567,$11002,
V105,19,255,40,255/40R18-95Y V105 YOKOHAMA,205710,$7077,$9527,
V105,19,255,40,255/40R18-99Y V105 YOKOHAMA,206534,$7022,$9453,
V105,19,245,50,245/50R19-105W V105 YOKOHAMA,207491,$10165,$11690,
V105,19,235,55,235/55R19-101V  V105 YOKOHAMA,206933,$7131,$8201,
V105,18,285,35,285/35R18-97Y V105 YOKOHAMA,205711,$7817,$9423,
V105,18,245,35,245/35R18-92Y V105 YOKOHAMA,207343,$7087,$8236,
V105,18,245,40,245/40ZR18-97Y V105 YOKOHAMA,206548,$8728,$10473,
V105,18,235,60,235/60R18-103V  V105  YOKOHAMA,206932,$5110,$6690,
V105,17,245,40,245/40R17-91W V105 YOKOHAMA,205717,$6443,$7630,
V105,17,225,45,225/45R17-91W V105  YOKOHAMA,205716,$5503,$6612,
V105,16,205,55,205/55R16-91V V105 YOKOHAMA,205712,$4020,$4827,
V105,16,205,55,205/55R16-91W V105 YOKOHAMA,205713,$3666,$4438,
V105,14,225,60,225/60R18-104W V105 YOKOHAMA,207490,$6964,$8009,
V105S,,,,,,,,
V105S,35,245,19,245/35ZR19-93Y V105S  YOKOHAMA,207259,$9597,$11036,
V105S,30,265,19,265/30ZR19-93Y V105S  YOKOHAMA,206967,$9420,$10799,
V105S,20,255,30,255/30ZR20-92Y V105S YOKOHAMA,206196,$10351,$12399,
V105S,20,255,35,255/35ZR20-97Y V105S  YOKOHAMA,207250,$9820,$11293,
V105S,19,295,30,295/30ZR19-100Y V105S YOKOHAMA,206249,$11054,$12712,
V105S,19,275,35,275/35ZR19-100Y V105S  YOKOHAMA,206877,$11051,$15245,
V105S,19,275,40,275/40ZR19-105Y V105S YOKOHAMA,206079,$10293,$11837,
V105S,19,265,35,265/35ZR19 98 Y V105S  YOKOHAMA,206666,$11523,$12831,
V105S,19,265,40,265/40ZR19-102Y V105S  YOKOHAMA,206875,$8586,$9788,
V105S,19,255,30,255/30ZR19-91Y V105S YOKOHAMA,206077,$9015,$10113,
V105S,19,255,35,255/35ZR19-96Y V105S YOKOHAMA,206078,$9338,$11023,
V105S,19,255,40,255/40ZR19-100Y V105S YOKOHAMA,206085,$10541,$12122,
V105S,19,255,45,255/45ZR19-100Y V105S YOKOHAMA,206874,$7582,$9330,
V105S,19,245,19,245/45ZR19-98Y V105S YOKOHAMA,206076,$7308,$8551,
V105S,19,245,40,245/40ZR19-98Y V105S  YOKOHAMA,207191,$8563,$11170,
V105S,19,235,35,235/35ZR19-91Y V105S  YOKOHAMA,202817,$7536,$9738,
V105S,19,225,35,225/35ZR19-88Y V105S YOKOHAMA,206072,$7484,$9699,
V105S,19,225,40,225/40ZR19-93Y V105S  YOKOHAMA,206872,$6726,$8210,
V105S,18,265,35,265/35ZR18-97Y V105S YOKOHAMA,206086,$9297,$11005,
V105S,18,265,40,265/40ZR18-101Y V105S  YOKOHAMA,206668,$8503,$9779,
V105S,18,255,35,255/35ZR18-94Y V105S YOKOHAMA,206084,$8578,$10427,
V105S,18,245,45,245/45ZR18-100Y V105S YOKOHAMA,206194,$7065,$8523,
V105S,18,245,50,245/50ZR18 104Y V105S YOKOHAMA,207530,$6964,$8085,
V105S,18,235,18,235/40ZR18-95Y V105S YOKOHAMA,206075,$6963,$8008,
V105S,18,235,45,235/45ZR18-98Y  V105S YOKOHAMA,206873,$6809,$8167,
V105S,18,225,40,225/40ZR18-92Y V105S YOKOHAMA,206536,$5362,$6166,
V105S,18,225,45,225/45ZR18-95Y V105S YOKOHAMA,206073,$5792,$6708,
V105S,18,215,40,215/40ZR18-89Y V105S YOKOHAMA,206871,$6851,$7878,
V105S,17,245,45,245/45ZR17-99Y V105S YOKOHAMA,206083,$5879,$6751,
V105S,17,235,45,235/45ZR17-97Y V105S YOKOHAMA,206082,$4489,$5105,
V105S,17,225,17,225/45ZR17-94Y V105S YOKOHAMA,206081,$4735,$5445,
V105S,17,225,17,225/50ZR17-98Y V105S YOKOHAMA,206074,$5009,$5761,
V105S,17,215,45,215/45ZR17-91Y V105S  YOKOHAMA,206876,$4824,$5548,
V105S,17,205,17,205/50ZR17-93Y V105S YOKOHAMA,206080,$3755,$4494,
V105S,17,205,55,205/55ZR17-91Y V105S  YOKOHAMA,206870,$4678,$5380,
V551,,,,,,,,
V551,19,275,35,275/35R19-96W V551 YOKOHAMA,206856,$8567,$10128,
V551,19,265,30,265/30R19 -93W V551 YOKOHAMA,206878,$8541,$9822,
V551,19,245,35,245/35R19-93W V551 YOKOHAMA,206502,$7343,$8445,
V551,19,245,40,245/40R19-98W V551 YOKOHAMA,207143,$8518,$10321,
V551,19,245,45,245/45R19-98Y V551 YOKOHAMA,205532,$7477,$8598,
V551,19,235,35,235/35R19-91W V551 YOKOHAMA,205527,$6736,$8096,
V551,18,265,35,265/35R18-83W V551  YOKOHAMA,205681,$9777,$11373,
V551,18,245,40,245/40R18-93Y V551 YOKOHAMA,205531,$7774,$8568,
V551,18,245,45,245/45R18-96W V551 YOKOHAMA,205859,$6561,$7901,
V551,18,235,40,235/40R18-91W V551  YOKOHAMA,205680,$6063,$6973,
V551,18,235,50,235/50R18-97W V551 YOKOHAMA,206501,$6643,$7716,
V551,18,225,40,225/40R18-88W V551 YOKOHAMA,205620,$4767,$5482,
V551,18,225,45,225/45R18-91W V551YOKOHAMA,205525,$5374,$6231,
V551,17,245,40,245/40R17-91W V551  YOKOHAMA,205530,$5768,$7173,
V551,17,245,45,245/45R17-95W V551 YOKOHAMA,205546,$6299,$7382,
V551,17,235,45,235/45R17-94W V551  YOKOHAMA,205528,$3968,$4563,
V551,17,235,50,235/50R17-96V  V551  YOKOHAMA,205545,$5244,$6281,
V551,17,235,55,235/55R17-99V V551  YOKOHAMA,205529,$4981,$6652,
V551,17,225,45,225/45R17-91W V551  YOKOHAMA,205621,$4840,$5566,
V551,17,225,50,225/50R17 94W V551YOKOHAMA,205526,$4877,$5609,
V551,17,225,55,225/55R17-97W V551  YOKOHAMA,206685,$4731,$5278,
V551,17,215,45,215/45R17-91W V551 YOKOHAMA,205533,$4118,$4735,
V551,17,215,50,215/50R17-91V V551 YOKOHAMA,205523,$3924,$4481,
V551,17,215,55,215/55R17-94W  V551 YOKOHAMA,205524,$3871,$4452,
V551,17,205,45,205/45R17-84W  V551 YOKOHAMA,205521,$3550,$4083,
V551,16,235,60,235/60R16- 100W V551 YOKOHAMA,205519,$3977,$5249,
V551,16,225,55,225/55R16-95W V551 YOKOHAMA,205642,$4420,$5082,
V551,16,225,60,225/60R16-98W V551  YOKOHAMA,206500,$3764,$4329,
V551,16,215,55,215/55R16-93W V551  YOKOHAMA,206684,$3564,$4290,
V551,16,215,60,215/60R16-95V V551 YOKOHAMA,206549,$3340,$4067,
V551,16,205,50,205/50R16-87V V551 YOKOHAMA,205679,$3646,$4444,
V551,16,205,55,205/55R16-91W V551 YOKOHAMA,205522,$3961,$4555,
V551,16,205,60,205/60R16-92V V551  YOKOHAMA,205517,$3809,$4381,
V551,16,205,65,205/65R16-95H V551 YOKOHAMA,206197,$2919,$3342,
V551,15,215,60,215/65R15-96H V551  YOKOHAMA,205518,$3350,$3838,
V551,15,205,60,205/60R15-91H  V551  YOKOHAMA,205516,$2955,$3398,
V551,15,205,65,205/65R15-92H V551 YOKOHAMA,206559,$2956,$3692,
V551,15,195,65,195/65R15-91H V551 YOKOHAMA,205837,$2409,$2843,
V701,,,,,,,,
V701,19,265,30,265/30R19-93W V701 YOKOHAMA,207348,$8507,$9783,
V701,19,255,30,255/30R19-91W V701 YOKOHAMA,207347,$8120,$9338,
V701,19,235,35,235/35R19 91W V701 YOKOHAMA,207443,$5395,$6901,
V701,19,225,35,225/35R19-88W V701 YOKOHAMA,207346,$5020,$5760,
V701,18,245,40,245/40R18-97W V701 YOKOHAMA,207290,$6342,$7680,
V701,18,235,40,235/40R18-95W V701 YOKOHAMA,207382,$5259,$6048,
V701,18,235,50,235/50R18 97V V701 4T YOKOHAMA,207446,$6380,$7337,
V701,18,235,55,235/55R18-100V V701 YOKOHAMA,207384,$4872,$5603,
V701,18,225,40,225/40R18-92W V701 YOKOHAMA,207380,$4339,$4989,
V701,18,225,45,225/45R18- 95W V701 YOKOHAMA,207260,$4945,$6013,
V701,18,215,35,215/35R18-84W V701 YOKOHAMA,207345,$4577,$5263,
V701,18,215,40,215/40R18-89W V701 YOKOHAMA,207642,$4286,$4929,
V701,18,205,40,205/40R18-86W V701 YOKOHAMA,207436,$3718,$4198,
V701,17,235,45,235/45R17-97W V701 YOKOHAMA,207383,$4037,$4643,
V701,17,225,45,225/45R17-94W V701 YOKOHAMA,207381,$3759,$4322,
V701,17,225,50,225/50R17-98W V701  YOKOHAMA,207261,$4643,$5340,
V701,17,225,55,225/55R17-97W V701 YOKOHAMA,207523,$4319,$4787,
V701,17,215,40,215/40R17-83W V701 YOKOHAMA,207378,$3189,$3667,
V701,17,215,45,215/45R17-91W V701 YOKOHAMA,207379,$3543,$4075,
V701,17,205,45,205/45R17-88W V701 YOKOHAMA,207373,$3378,$3885,
V701,17,205,50,205/50R17-93W V701 YOKOHAMA,207375,$3322,$3820,
V701,16,225,50,225/50R16-92W V701  YOKOHAMA,207262,$3696,$4282,
V701,16,205,45,205/45R16-87W V701 YOKOHAMA,207372,$3174,$3562,
V701,16,205,50,205/50R16-87V V701 YOKOHAMA,207374,$3053,$3511,
V701,16,205,55,205/55R16-91W V701 YOKOHAMA,207377,$3248,$3735,
V701,16,195,45,195/45R16-84W V701 YOKOHAMA,207514,$2946,$3570,
V701,16,195,50,195/50R16-84V V701 YOKOHAMA,207371,$3486,$4009,
V701,15,205,55,205/55R15-88V V701 YOKOHAMA,207376,$3543,$4118,
V902,,,,,,,,
V902,18,225,40,225/40R18-92V V902  YOKOHAMA,205246,$3018,$4306,
V902,17,215,45,215/45R17-91V V902  YOKOHAMA,205244,$1602,$2672,
V902,15,195,50,195/50R15-82H V902 YOKOHAMA,205816,$1338,$2107,
V902,14,185,60,185/60R14-82T V902 YOKOHAMA,205231,$1473,$2241,
V902A,,,,,,,,
V902A,17,215,50,215/50R17-95V V902A YOKOHAMA,206320,$1732,$3295,
V902B,,,,,,,,
V902B,17,235,45,235/45R17-94H V902B YOKOHAMA,206334,$2679,$3929,
V903,,,,,,,,
V903,16,195,45,195/45R16-84H V903 YOKOHAMA,206349,$1967,$2498,
V903,15,185,65,185/65R15-88T V903 YOKOHAMA,205683,$1071,$2718,
V903,14,185,60,185/60R14-82T V903 YOKOHAMA,205796,$1339,$2203,
V903,14,175,70,175/70R14-84T V903 YOKOHAMA,205190,$1071,$1983,
V905,,,,,,,,
V905,16,205,55,205/55R16-94H V905 YOKOHAMA,206587,$1607,$2331,
,,,,CAMIONETA,,,,
A349,,,,,,,,
A349,17,215,60,215/60R17-96H A349 YOKOHAMA,205641,$4041,$4644,
A349A,,,,,,,,
A349A,17,225,65,225/65R17-102H A349A  YOKOHAMA,200389,$4776,$5322,
A349A,16,225,65,225/65R16-100H A349A  YOKOHAMA,202808,$5120,$5887,
A349A,16,215,65,215/65R16-98H A349A YOKOHAMA,205640,$3686,$4046,
AC01,,,,,,,,
AC01,17,215,55,215/55R17-82W   AC01 YOKOHAMA,205429,$3052,$3668,
AC02A,,,,,,,,
AC02A,18,235,50,235/50R18-97V  AC02A 4T YOKOHAMA,206823,$7719,$8877,
AE50,,,,,,,,
AE50,18,235,50,235/50R18-97W AE50 YOKOHAMA,207679,$5512,$6339,
AE50,17,215,55,215/55R17-94W  AE50  4T YOKOHAMA,206837,$3564,$4099,
E70,,,,,,,,
E70,17,215,55,215/55R17-94V E70N YOKOHAMA,205619,$3331,$3968,
E70B,,,,,,,,
E70B,18,225,55,225/55R18-98V E70B YOKOHAMA,206317,$5062,$5577,
E70B,17,215,55,215/55R17-93V E70B YOKOHAMA,206012,$3524,$4034,
E70G,,,,,,,,
E70G,17,225,60,225/60R17 99H E70G YOKOHAMA,207460,$4359,$5013,
F700,,,,,,,,
F700,17,215,45,215/45R17-91Q F700 YOKOHAMA,205195,$1607,$1848,
G001C,,,,,,,,
G001C,17,265,70,LT265/70R17-112Q G001C R RBL 4T YOKOHAMA,202522,$6852,$7537,ok
G001C,16,305,70,LT305/70R16- 118Q G001C  YOKOHAMA,206968,$7554,$8279,No ingresado
G001C,16,285,75,LT285/75R16 116 Q G001C R RBL YOKOHAMA,202523,$6977,$8492,ok
G001C,16,265,75,LT265/75R16-112Q G001C R RBL 6T YOKOHAMA,202489,$6394,$7034,ok
G001C,16,235,85,LT235/85R16-108Q G001C R RBL 6T YOKOHAMA,202490,$5313,$6379,ok
G001C,16,225,75,LT225/75R16-103S G001C YOKOHAMA,206248,$5059,$5818,No ingresado
G001C,15,9.5,N/A,30X9.5R15-104Q G001C R YOKOHAMA,205461,$5656,$5614,ok
G001C,15,31,10.5,LT31X10.5R15-109Q G001C R 6T YOKOHAMA,205403,$6186,$6987,ok
G001C,15,12,N/A,33X12.5R15-108Q G001C R YOKOHAMA,205424,$6625,$7618,ok
G001C,15,12,N/A,35X12.5R15-113Q G001C R  YOKOHAMA,205310,$7365,$8518,ok
G012,,,,,,,,
G012,20,275,60,275/60R20-115S G012 YOKOHAMA,206610,$6790,$7808,No ingresado
G012,18,285,60,285/60R18-116H G012 4T YOKOHAMA,206641,$7906,$8434,ok
G012,18,285,65,LT285/65R18-121R G012   4T YOKOHAMA,206807,$8177,$9424,No ingresado
G012,18,275,60,275/60R18-112H G012 R RBL 4T YOKOHAMA,202811,$5426,$5789,No ingresado
G012,18,275,70,LT275/70R18 -125R G012 YOKOHAMA,207193,$7028,$8467,No ingresado
G012,18,265,70,P265/70R18- 114S G012 R  YOKOHAMA,202111,$5044,$6067,No ingresado
G012,18,225,55,225/55R18-98H G012 YOKOHAMA,205492,$4844,$5649,No ingresado
G012,17,315,70,LT315/70R17-121R G012 R RBL 8T YOKOHAMA,202698,$8379,$9636,ok
G012,17,275,60,P275/60R17-110S G012 R OWL/RBL YOKOHAMA,202786,$5106,$5666,No ingresado
G012,17,275,65,275/65R17-115H G012 R RBL 4T YOKOHAMA,202714,$6041,$6948,No ingresado
G012,17,265,70,P265/70R17-113 S G012 S OWL/RBL YOKOHAMA,202692,$5554,$5965,No ingresado
G012,17,255,65,255/65R17-110H G012 R RBL 4T YOKOHAMA,202723,$5502,$6052,No ingresado
G012,17,255,70,P255/70R17 110-S G012 R OWL/RBL YOKOHAMA,202006,$4720,$5428,No ingresado
G012,17,245,65,245/65R17-107H G012 R RBL 4T YOKOHAMA,202783,$5406,$5934,No ingresado
G012,17,245,70,P245/70R17-108S G012  YOKOHAMA,207194,$5866,$6453,No ingresado
G012,17,235,65,235/65R17-108H G012 R RBL 4T YOKOHAMA,202721,$4604,$5295,ok
G012,17,225,60,225/60R17- 99H G012 R RBL YOKOHAMA,201212,$4190,$4819,ok
G012,17,225,65,225/65R17-102H G012 YOKOHAMA,205044,$5429,$6244,ok
G012,17,225,70,225/70R17-108T  G012 R RBL 6T YOKOHAMA,207144,$5502,$6040,No ingresado
G012,17,215,60,215/60R17 96H G012 YOKOHAMA,205425,$3801,$4371,No ingresado
G012,16,265,75,LT265/75R16-119R G012 R OWL/RBL YOKOHAMA,202687,$5413,$6225,No ingresado
G012,16,255,65,255/65R16-109H G012 R RBL 4T YOKOHAMA,202715,$4118,$4306,No ingresado
G012,16,245,70,245/70R16-107H  G012 R RBL 4T YOKOHAMA,202689,$4521,$5158,ok
G012,16,245,75,LT245/75R16-120R G012 R OWL/RBL YOKOHAMA,202686,$5181,$5699,No ingresado
G012,16,235,60,235/60R16-100H G012 R RBL 6T YOKOHAMA,202778,$4724,$5209,ok
G012,16,235,70,235/70R16-106H G012 4T YOKOHAMA,205251,$4210,$4841,No ingresado
G012,16,235,70,P235/70R16- 107S G012 R OWL/RBL YOKOHAMA,201293,$4776,$5243,No ingresado
G012,16,235,85,LT235/85R16-S G012 120R OWL/RBL 10T YOKO,202685,$4833,$6176,No ingresado
G012,16,225,70,225/70R16-102H G012 R RBL 6T YOKOHAMA,202788,$3773,$4570,No ingresado
G012,16,225,75,LT225/75R16-110R G012 R OWL/RBL YOKOHAMA,202717,$4560,$5244,No ingresado
G012,16,215,60,215/60R16- 95H G012 R RBL YOKOHAMA,201029,$2828,$3850,No ingresado
G012,16,215,65,215/65R16-98H G012 R RBL 6T YOKOHAMA,202726,$4233,$4868,No ingresado
G012,16,215,70,215/70R16-100S G012 R RBL 6T YOKOHAMA,202697,$3831,$4205,No ingresado
G012,16,215,80,215/80R16-103S G012 R RBL 6T YOKOHAMA,202681,$4507,$4947,No ingresado
G012,16,205,65,205/65R16-95H G012 R RBL 4T YOKOHAMA,202787,$3079,$3310,No ingresado
G012,15,"9,5",N/A,30X9.5R15-104S G012 R OWL/RBL 6TYOKOHAMA,202682,$5268,$5369,No ingresado
G012,15,265,70,265/70R15-112T G012 R RBL 6T YOKOHAMA,202724,$4738,$5167,No ingresado
G012,15,255,70,255/70R15-112S G012 YOKOHAMA,206671,$4853,$5328,No ingresado
G012,15,235,70,P235/70R15-102S G012 R OWL/RBL YOKOHAMA,202719,$3128,$3433,No ingresado
G012,15,235,75,P235/75R15-108S G012 R OWL/RBL YOKOHAMA,201873,$5207,$5715,No ingresado
G012,15,215,70,215/70R15- 98S G012 R RBL YOKOHAMA,201194,$3430,$3827,No ingresado
G012,15,215,75,LT215/75R15-100S G012 R OWL/RBL YOKOHAMA,202727,$3639,$4432,No ingresado
G012,15,205,70,205/70R15-96S G012 R RBL 4T YOKOHAMA,202696,$3304,$3615,No ingresado
G012,15,175,80,175/80R15-90S G012 R RBL 4T YOKOHAMA,202693,$2340,$2843,No ingresado
G012,15,11,N/A,32X11.5R15-113S G012 R OWL/RBL YOKOHAMA,202789,$6156,$8099,No ingresado
G012,15,10,N/A,31X10.5R15-109S G012 R OWL/RBL YOKOHAMA,202683,$5700,$6555,No ingresado
G015,,,,,,,,
G015,20,275,60,275/60R20-115H G015 YOKOHAMA,207513,$7232,$8317,No ingresado
G015,18,275,70,LT275/70R18-125S G015 YOKOHAMA,207391,$7308,$8405,No ingresado
G015,18,265,60,265/60R18-110H G015 YOKOHAMA,207400,$6063,$6428,ok
G015,18,265,65,265/65R18-114H G015 YOKOHAMA,207492,$6431,$7396,No ingresado
G015,18,265,70,265/70R18-116H G015 YOKOHAMA,207403,$5167,$6366,No ingresado
G015,17,315,70,LT315/70R17-121S G015 YOKOHAMA,207394,$7888,$9072,ok
G015,17,285,70,LT285/70R17-121S G015 YOKOHAMA,207392,$7016,$8068,No ingresado
G015,17,285,70,P285/70R17-117T G015 YOKOHAMA,207397,$7016,$8068,No ingresado
G015,17,265,65,265/65R17-112H G015 YOKOHAMA,207401,$5246,$5758,ok
G015,17,265,70,P265/70R17-113T G015 YOKOHAMA,207396,$5538,$6079,ok
G015,17,255,70,P255/70R17-110T G015 YOKOHAMA,207395,$4710,$5416,No ingresado
G015,17,245,70,LT245/70R17-119R G015 YOKOHAMA,207388,$5870,$6444,ok
G015,17,235,65,235/65R17-108H G015 YOKOHAMA,207398,$4806,$5527,ok
G015,16,285,75,LT285/75R16-126R G015 YOKOHAMA,207393,$6644,$7641,No ingresado
G015,16,275,70,275/70R16 114H G015 YOKOHAMA,207473,$5304,$6099,No ingresado
G015,16,265,75,LT265/75R16-123R G015 YOKOHAMA,207390,$6125,$6724,ok
G015,16,265,75,P265/75R16-114T G015 YOKOHAMA,207422,$5568,$6112,ok
G015,16,255,70,255/70R16-111H G015 YOKOHAMA,207399,$5346,$6147,No ingresado
G015,16,245,75,LT245/75R16-120S G015 YOKOHAMA,207389,$5433,$6248,No ingresado
G015,16,235,85,LT235/85R16-120R G015 10T YOKOHAMA,207387,$5315,$6112,ok
G015,16,225,75,LT225/75R16-115R G015 YOKOHAMA,207386,$4577,$5263,No ingresado
G015,16,215,85,LT215/85R16-115R G015 YOKOHAMA,207385,$4451,$5009,No ingresado
G015,16,65,70,265/70R16-112H G015 YOKOHAMA,207402,$4992,$5321,No ingresado
G015,15,235,65,P235/75 R15 108T G015 YOKOHAMA,207458,$4922,$5660,No ingresado
G015,15,12.5,N/A,33X12.5 R15 G015 YOKOHAMA,207457,$6027,$6931,No ingresado
G033,,,,,,,,
G033,16,215,70,215/70R16-100H G033 R  6T YOKOHAMA,202777,$3415,$3867,
G039,,,,,,,,
G039,16,265,70,265/70R16-112S G039 R  4T YOKOHAMA,202422,$2742,$4075,
G051,,,,,,,,
G051,17,275,65,275/65R17-115H G051 R RBL 4T YOKOHAMA,202562,$3877,$5176,
G051,16,255,70,255/70R16-111H G051 R RBL 4T YOKOHAMA,202567,$2671,$3146,
G051,16,235,70,235/70R16-106H G051 R RBL 4T YOKOHAMA,202569,$2855,$3462,
G051,16,215,60,215/60R16-95H G051 R RBL 4T YOKOHAMA,202559,$2525,$3572,
G051,16,215,65,215/65R16-98H G051 R RBL 6T YOKOHAMA,202561,$1912,$2305,
G051,15,"9,5",N/A,30X9.5R15-104S G051 ROWL/RBL 6T YOKOHAMA,202609,$3119,$3891,
G051,15,235,75,P235/75R15-105H G051 R RBL 6T YOKOHAMA,202598,$3765,$3938,
G055,,,,,,,,
G055,20,235,55,235/55R20-102V G055 YOKOHAMA,206040,$6714,$8476,
G055,19,245,55,245/55R19-103V G055 YOKOHAMA,206035,$5861,$6526,
G055,19,235,55,235/55R19-101V G055 YOKOHAMA,206004,$4888,$5622,
G055,19,225,55,225/55R19-99V G055 YOKOHAMA,206869,$5349,$5872,
G055,18,255,55,255/55R18-109V G055 YOKOHAMA,206867,$6457,$7202,
G055,18,235,55,235/55R18-100V G055 YOKOHAMA,206224,$5402,$5930,
G055,18,235,60,235/60R18-107V G055  YOKOHAMA,206216,$4634,$5203,
G055,18,235,65,235/65R18-106H G055 YOKOHAMA,206218,$4698,$5205,
G055,18,225,55,225/55R18-98V G055 YOKOHAMA,206866,$5315,$6113,
G055,18,225,60,225/60R18-100H G055 YOKOHAMA,206211,$4719,$5426,
G055,18,215,55,215/55R18-99V G055 YOKOHAMA,206864,$6179,$7168,
G055,18,45,60,245/60R18-105H G055 YOKOHAMA,206506,$4830,$5592,
G055,17,255,60,255/60R17-106H G055 YOKOHAMA,206221,$5094,$5858,
G055,17,245,65,245/65R17-107H G055 YOKOHAMA,206220,$4827,$5298,
G055,17,235,55,235/55R17-99H G055 YOKOHAMA,206223,$4888,$5358,
G055,17,235,60,235/60R17-102V G055  YOKOHAMA,206863,$5054,$6043,
G055,17,235,65,235/65R17-108V G055 YOKOHAMA,206217,$4808,$5184,
G055,17,225,55,225/55R17-97V G055 YOKOHAMA,206865,$4461,$4687,
G055,17,225,60,225/60R17-99H G055 YOKOHAMA,206210,$4792,$5272,
G055,17,225,65,225/65R17-102H G055 YOKOHAMA,206213,$5411,$6222,
G055,17,215,55,215/55R17-94V G055 YOKOHAMA,206222,$3715,$4091,
G055,17,215,60,215/60R17-96H G055 YOKOHAMA,206207,$3823,$4197,
G055,17,215,70,215/70R17-101H G055 YOKOHAMA,206862,$4034,$4639,
G055,16,235,60,235/60R16-104V G055 YOKOHAMA,206215,$4289,$4772,
G055,16,235,70,235/70R16-106H G055 YOKOHAMA,206219,$4172,$4580,
G055,16,225,65,225/65R16-100H G055 YOKOHAMA,206212,$4456,$5124,
G055,16,225,70,225/70R16-103H G055 YOKOHAMA,206214,$3966,$4532,
G055,16,215,65,215/65R16-98H G055 YOKOHAMA,206208,$4014,$4434,
G055,16,215,70,215/70R16-100H G055 YOKOHAMA,206209,$3600,$3952,
G055,15,225,15,225/70R15-100H G055  4T YOKOHAMA,206806,$3366,$3871,
G055,15,205,70,205/70R15-96H G055 YOKOHAMA,206361,$3181,$3492,
G056,,,,,,,,
G056,18,285,60,285/60R18-116H G056  YOKOHAMA,206949,$5832,$6561,No ingresado
G056,18,265,60,265/60R18-110H G056  YOKOHAMA,206942,$5557,$6100,ok
G056,18,255,60,255/60R18-112V G056 YOKOHAMA,207222,$5700,$6257,ok
G056,17,285,65,285/65R17-116H G056  4T YOKOHAMA,206950,$5748,$6424,ok
G056,17,265,65,265/65R17-112H G056  YOKOHAMA,206943,$5464,$5998,ok
G056,17,265,70,265/70R17-115S G056  YOKOHAMA,206945,$4686,$5367,ok
G056,17,255,65,255/65R17-114H G056  YOKOHAMA,206940,$4575,$5596,ok
G056,17,225,70,225/70R17-108T G056 YOKOHAMA,207141,$4823,$5295,No ingresado
G056,16,265,70,265/70R16-112H G056  YOKOHAMA,206944,$4656,$5355,No ingresado
G056,16,265,75,265/75R16-116H G056   YOKOHAMA,206946,$4558,$5225,ok
G056,16,255,65,255/65R16-109H G056  YOKOHAMA,206939,$4060,$4879,No ingresado
G056,16,255,70,255/70R16-111H G056  YOKOHAMA,206941,$4824,$5548,No ingresado
G056,16,245,70,245/70R16-111H G056  YOKOHAMA,206938,$4150,$4414,No ingresado
G056,15,265,70,265/70R15-112H G056  YOKOHAMA,206948,$4511,$4952,No ingresado
G056,15,255,70,255/70R15-108H G056  YOKOHAMA,206947,$4350,$4815,No ingresado
G056,15,235,75,235/75R15-109H G056 YOKOHAMA,206937,$4014,$4407,ok
G056,15,215,70,215/70R15- 98H  G056 YOKOHAMA,206936,$3485,$3825,No ingresado
G071,,,,,,,,
G071,15,225,70,225/70R15-100T G071 YOKOHAMA,205685,$2009,$3030,
G071,15,10,N/A,31X10.5R15-109Q G071 R  YOKOHAMA,205815,$2009,$4167,
G900,,,,,,,,
G900,16,215,60,215/60R16-95V G900 R  4T YOKOHAMA,202418,$3162,$3640,
G900A,,,,,,,,
G900A,17,215,55,215/55R17-94V G900A R  4T YOKOHAMA,202419,$3350,$3737,
G902,,,,,,,,
G902,17,265,65,265/65R17-112H G902 R  4T YOKOHAMA,202812,$3060,$4036,
G91A,,,,,,,,
G91A,17,225,65,225/65R17-101H G91A R  4T YOKOHAMA,202700,$5051,$5809,
G91AV,,,,,,,,
G91AV,17,225,65,225/65R17 102H G91AV YOKOHAMA,206646,$4997,$5644,
G91F,,,,,,,,
G91F,17,225,60,225/60R17-99V G91F YOKOHAMA,206005,$4902,$5147,
G94,,,,,,,,
G94,17,265,65,265/65R17-112S G94CV  YOKOHAMA,206951,$5059,$5693,
G94B,,,,,,,,
G94B,17,285,65,285/65R17-116H G94B R  4T YOKOHAMA,202802,$5686,$6836,
G95A,,,,,,,,
G95A,17,225,55,225/55R17-97V G95A R  4T YOKOHAMA,202809,$4481,$4943,
G95A,17,225,60,225/60R17-99V G95A R YOKOHAMA,205040,$4600,$5049,
PA02,,,,,,,,
PA02,24,305,35,305/35R24-112V  PA02  4T YOKOHAMA,206680,$7563,$8698,
PA02,20,305,50,305/50R20-120V  4T PA02 YOKOHAMA,206812,$6821,$8281,
PA02,20,295,45,295/45R20 114V PA02 YOKOHAMA,207465,$5383,$0,
PA02,20,275,40,275/40R20-106V PA02 YOKOHAMA,206499,$7204,$9042,
PA02,20,275,45,275/45R20-110V PA02 YOKOHAMA,205873,$8716,$10983,
PA02,20,275,55,275/55R20-117B PA02 YOKOHAMA,206969,$6496,$7471,
PA02,20,265,50,265/50R20-111V PA02 YOKOHAMA,206198,$9001,$11487,
PA02,20,255,40,255/40R20-101V  8T PA02 YOKOHAMA,206810,$7299,$10182,
PA02,20,255,45,255/45R20-105V PA02 YOKOHAMA,206811,$6967,$7976,
PA02,20,255,50,255/50R20 -109V PA02  YOKOHAMA,206677,$7666,$10056,
PA02,20,245,45,245/45R20-99V PA02 YOKOHAMA,206611,$5381,$6538,
PA02,20,235,55,235/55R20-102V PA02 YOKOHAMA,206804,$5554,$7071,
PA02,19,235,55,235/55R19-101V PA02 YOKOHAMA,205082,$4642,$5095,
PA02,18,245,60,245/60R18-105H PA02 YOKOHAMA,205080,$5044,$5250,
PA02,18,235,55,235/55R18-100V PA02 YOKOHAMA,205077,$4677,$5134,
PA02,18,235,60,235/60R18-103V PA02 YOKOHAMA,205078,$4729,$5217,
PA02,18,235,65,235/65R18-106H PA02 YOKOHAMA,205079,$4391,$5050,
PA02,18,225,60,225/60R18-100H PA02 YOKOHAMA,205076,$4769,$5485,
PA02,17,225,65,225/65R17-102H PA02  YOKOHAMA,205075,$5066,$5473,
RV02,,,,,,,,
RV02,19,225,40,225/40R19-93W RV02 YOKOHAMA,207534,$5472,$6490,
RV02,18,235,50,235/50R18-97V RV02 YOKOHAMA,207641,$5893,$6720,
RV02,18,235,60,235/60R18-103W RV02 YOKOHAMA,207531,$5304,$5565,
RV02,18,225,45,225/45R18- 95W RV02 YOKOHAMA,207540,$4955,$5985,
RV02,18,225,55,225/55R18-98V RV02 YOKOHAMA,207662,$5512,$6339,
RY215,,,,,,,,
RY215,16,"7,5",N/A,7.50R16- RY215 R  12T YOKOHAMA,202267,$6244,$7180,
RY818,,,,,,,,
RY818,16,235,65,235/65 R16C R115/113 RY818 YOKOHAMA,207459,$5893,$6777,
RY818,16,225,65,225/65R16-112/110R RY818 YOKOHAMA,206550,$4844,$5328,
RY818,16,225,75,225/75R16C-121R RY818 YOKOHAMA,205485,$5145,$5648,
RY818,16,215,65,215/65R16C -106T  RY818  YOKOHAMA,206688,$4746,$4955,
RY818,16,215,75,215/75R16C-106R RY818 YOKOHAMA,205486,$4190,$5062,
RY818,16,205,65,205/65R16C- 107T  RY818  4T YOKOHAMA,206686,$3667,$4267,
RY818,16,205,75,205/75R16C-120R RY818 R  8T YOKOHAMA,205489,$4176,$4584,
RY818,16,195,75,195/75R16C-107R RY818 R  8T YOKOHAMA,205487,$4021,$4414,
RY818,15,225,70,225/70R15C-112R RY818 R  8T YOKOHAMA,202426,$4324,$4973,
RY818,15,215,70,215/70R15C 109R RY818 YOKOHAMA,205482,$3170,$3479,
RY818,15,205,65,205/65R15C 102/100T  RY818 YOKOHAMA,205790,$3317,$3918,
RY818,15,205,75,205/70R15C- 106R RY818  YOKOHAMA,205481,$4184,$4811,
RY818,15,195,70,195/70R15C-104R RY818 R  8T YOKOHAMA,202427,$4165,$4572,
RY818,15,195,R,195R15C-  106/104R  RY818   8T YOKOHAMA,206694,$4113,$4730,
RY818,14,175,65,175/65R14C-90T RY818 YOKOHAMA,205484,$2963,$3135,
RY818,12,155,N/A,155R12C-108N RY818  8T YOKOHAMA,205684,$1756,$2122,
V802,,,,,,,,
V802,22,275,30,275/30R22-99Y V802 R  4T YOKOHAMA,202531,$10093,$12600,
V802,20,275,50,275/50R20-113W V802 R  4T YOKOHAMA,202540,$9688,$11383,
V802,20,255,50,255/50R20 -119Y  V802  4T YOKOHAMA,206682,$8559,$10685,
V802,19,285,45,285/45R19-107W V802 R  4T YOKOHAMA,202554,$7990,$9892,
V802,18,285,55,285/55R18-113W V802 R  4T YOKOHAMA,202544,$6180,$7715,
V802,18,255,55,255/55R18-109W V802 R  4T YOKOHAMA,202548,$6140,$7619,
V802,18,235,55,235/55R18-100W V802 R  4T YOKOHAMA,202547,$4954,$5697,
V802,17,275,55,275/55R17-109W V802 R  4T YOKOHAMA,202552,$4932,$6860,
V802,17,255,50,255/50R17-101W V802 R  4T YOKOHAMA,202550,$4805,$6469,
V802,17,255,60,255/60R17-110W V802 R  4T YOKOHAMA,202517,$4554,$5960,
V802,17,235,55,235/55R17-103W V802 R  4T YOKOHAMA,202667,$5072,$6715,
V902,,,,,,,,
V902,18,235,60,235/60R18-107H V902  YOKOHAMA,205217,$2946,$3292,
V902A,,,,,,,,
V902A,18,235,55,235/55R18-100V V902A YOKOHAMA,206347,$1889,$4264,
WY01,,,,,,,,
WY01,16,225,65,225/65R16C-112R WY01  YOKOHAMA,206882,$2411,$4871,
WY01,15,225,70,225/70R15C-112R WY01  YOKOHAMA,206883,$2009,$3406,
WY01,15,195,70,195/70R15C-104R WY01  YOKOHAMA,206880,$2009,$3593,
Y354,,,,,,,,
Y354,15,195,70,195/70R15C-R104/102  Y354 R  YOKOHAMA,202853,$3352,$3855,
Y354,14,205,N/A,205R14C- N109/107 Y354   YOKOHAMA,202852,$2236,$3155,
Y354,14,195,N/A,195R14C-106/104Q Y354 R  8T YOKOHAMA,202781,$2669,$3222,
Y355A,,,,,,,,
Y355A,12,155,N/A,155R12C- 88/86N Y355A R  8T YOKOHAMA,202428,$2627,$3021,
Y818,,,,,,,,
Y818,14,195,N/A,195R14C-108R Y818 R  8T YOKOHAMA,205495,$3507,$4097,
Y828A,,,,,,,,
Y828A,16,205,N/A,205R16C-C Y828A R  8T YOKOHAMA,202357,$4769,$5236,