206856,V551,275/35R19-96W V551 YOKOHAMA,
206878,V551,265/30R19 -93W V551 YOKOHAMA,
206502,V551,245/35R19-93W V551 YOKOHAMA,
207143,V551,245/40R19-98W V551 YOKOHAMA,
205532,V551,245/45R19-98Y V551 YOKOHAMA,
205527,V551,235/35R19-91W V551 YOKOHAMA,
205681,V551,265/35R18-83W V551  YOKOHAMA,
205531,V551,245/40R18-93Y V551 YOKOHAMA,
205859,V551,245/45R18-96W V551 YOKOHAMA,
205680,V551,235/40R18-91W V551  YOKOHAMA,
206501,V551,235/50R18-97W V551 YOKOHAMA,
205620,V551,225/40R18-88W V551 YOKOHAMA,
205525,V551,225/45R18-91W V551YOKOHAMA,
205546,V551,245/45R17-95W V551 YOKOHAMA,
205528,V551,235/45R17-94W V551  YOKOHAMA,
205545,V551,235/50R17-96V  V551  YOKOHAMA,
205529,V551,235/55R17-99V V551  YOKOHAMA,
205526,V551,225/50R17 94W V551YOKOHAMA,
206685,V551,225/55R17-97W V551  YOKOHAMA,
205533,V551,215/45R17-91W V551 YOKOHAMA,
205523,V551,215/50R17-91V V551 YOKOHAMA,
205521,V551,205/45R17-84W  V551 YOKOHAMA,
205642,V551,225/55R16-95W V551 YOKOHAMA,
206684,V551,215/55R16-93W V551  YOKOHAMA,
206549,V551,215/60R16-95V V551 YOKOHAMA,
205679,V551,205/50R16-87V V551 YOKOHAMA,
205518,V551,215/65R15-96H V551  YOKOHAMA,
