207772,V105S,RF245/40RF19-94Y V105S YOKOHAMA,
207763,V105S,RF225/40RF19-93Y V105S  YOKOHAMA,
207777,V105S,RF255/40RF18 95Y V105S YOKOHAMA,
207773,V105S,RF245/45RF18 96Y V105S YOKOHAMA,
207796,V105S,RF275/40RF18 99Y V105S YOKOHAMA,
207764,V105S,RF225/45RF18-91Y V105S YOKOHAMA,
207762,V105S,RF205/50RF17-89W V105S YOKOHAMA,
206858,AC02A,RF235/50RF18-97V AC02A ZPS 4T YOKOHAMA,
202805,A10A,215/45R18-89W A10A  YOKOHAMA,
205041,A10E,215/50R17-91V A10E YOKOHAMA,
202816,A10E,205/50R17-89V A10E  YOKOHAMA,
205472,A10J,215/50R17-91W A10J YOKOHAMA,
202709,A539,185/50R14-77V A539  YOKOHAMA,
202299,A539,175/60R14-79H A539  YOKOHAMA,
202300,A539,185/60R13-80H A539  YOKOHAMA,
206879,A539,175/50R13-72V A539 YOKOHAMA,
202555,A539,175/60R13-77H A539  YOKOHAMA,
202776,A539,165/60R12-71H A539  YOKOHAMA,
205822,AC02,225/45R17-91V AC02 YOKOHAMA,
205700,AC02,225/60R16-98W AC02  YOKOHAMA,
207243,AC02,205/55R16-91V AC02 4T YOKOHAMA,
205591,AC02,225/60R15-96V AC02B  YOKOHAMA,
207758,AD08,295/30R18-94W AD08 YOKOHAMA,
207739,AE50,225/45R19-96W AE50 YOKOHAMA,
207684,AE50,245/40R18-97W AE50 YOKOHAMA,
207766,AE50,235/45R18-94W AE50 YOKOHAMA,
207685,AE50,225/45R18- 91W AE50 YOKOHAMA,
207837,AE50,225/50R17-94W AE50 YOKOHAMA,
207736,AE50,205/55R17-95V AE50 YOKOHAMA,
207682,AE50,205/50R16-87W AE50 YOKOHAMA,
202577,AR01,235/45ZR17-97W AR01  YOKOHAMA,
202581,AR01,225/50ZR16-92W AR01  YOKOHAMA,
202582,AR01,205/50R16-91V AR01  YOKOHAMA,
202583,AR01,195/50R16-84V AR01  YOKOHAMA,
205678,E70,195/60R16 89H E70E YOKOHAMA,
207683,ES32,205/50R16-87V ES32 YOKOHAMA,
207525,ES32,195/60R14-86H ES32 YOKOHAMA,
207765,ES32A,225/60R16-98V ES32A YOKOHAMA,
207801,G003,LT305/55R20 121Q G003 YOKOHAMA,
207744,G015,LT235/80R17 120R G015 YOKOHAMA,
207742,G015,225/70R17-108T G015 YOKOHAMA,
207737,G055,215/50R18-92V G055 YOKOHAMA,
206276,IG35,205/65R15-99T IG35 YOKOHAMA,
202481,PA01,215/40ZR17-87W PA01  YOKOHAMA,
207720,RV02,245/45R19-98W RV02 YOKOHAMA,
207741,RV02,225/45R19-96W RV02 YOKOHAMA,
207661,RV02,225/55R17-97W RV02 YOKOHAMA,
207689,RV02,215/60R17- 96H RV02 YOKOHAMA,
207723,RV02,205/55R17-91V RV02 YOKOHAMA,
207688,RV02,215/60R16-95H RV02 YOKOHAMA,
207686,RV02,195/60R16 89H RV02 YOKOHAMA,
207826,RY55,215/60R17C-109T RY55 YOKOHAMA,
207825,RY55,215/60R16C-103T RY55 YOKOHAMA,
207819,RY55,195/60R16C 99H RY55 YOKOHAMA,
207820,RY55,195/65R16C-104T RY55 YOKOHAMA,
207827,RY55,215/65R15C-104T RY55 YOKOHAMA,
207822,RY55,195R14C-106S RY55 YOKOHAMA,
207738,RY818,215/60R16C 103T RY818 YOKOHAMA,
207811,V103,285/35ZR20-100Y V103 YOKOHAMA,
207816,V105,305/30ZR20-103Y V105S YOKOHAMA,
207813,V105,265/40ZR20-104Y V105S  YOKOHAMA,
207815,V105,305/30ZR19-102Y V105S YOKOHAMA,
207799,V105,285/40ZR19 107Y V105 YOKOHAMA,
207812,V105,235/40ZR19-96Y V105S YOKOHAMA,
207814,V105,275/45ZR18-107Y V105S YOKOHAMA,
207797,V105S,285/30ZR20 99Y V105S YOKOHAMA,
207795,V105S,275/30ZR20 97Y V105S YOKOHAMA,
207793,V105S,265/30ZR20 94Y V105S YOKOHAMA,
207745,V105S,245/35ZR20 95Y V105S YOKOHAMA,
207743,V105S,235/35ZR20-92Y V105S YOKOHAMA,
207800,V105S,295/35ZR19 104Y V105S YOKOHAMA,
207798,V105S,285/40ZR19 103Y V105S YOKOHAMA,
207748,V105S,255/45ZR18-103Y V105S YOKOHAMA,
207753,V105T,275/45R21 110W V105T YOKOHAMA,
207704,V552,265/35R18-97W V552 YOKOHAMA,
207853,V552,235/50R18-97W V552 YOKOHAMA,
207818,V701,225/35R20-90W V701  YOKOHAMA,
207724,V701,255/35R19 96W V701 YOKOHAMA,
207776,V701,255/35R18 94W V701 YOKOHAMA,
205244,V902,215/45R17-91V V902  YOKOHAMA,
205641,A349,215/60R17-96H A349 YOKOHAMA,
200389,A349A,225/65R17-102H A349A  YOKOHAMA,
202808,A349A,225/65R16-100H A349A  YOKOHAMA,
205640,A349A,215/65R16-98H A349A YOKOHAMA,
206823,AC02A,235/50R18-97V  AC02A 4T YOKOHAMA,
205619,E70,215/55R17-94V E70N YOKOHAMA,
206317,E70B,225/55R18-98V E70B YOKOHAMA,
206012,E70B,215/55R17-93V E70B YOKOHAMA,
207460,E70G,225/60R17 99H E70G YOKOHAMA,
205195,F700,215/45R17-91Q F700 YOKOHAMA,
206968,G001C,LT305/70R16- 118Q G001C  YOKOHAMA,
202489,G001C,LT265/75R16-112Q G001C R RBL 6T YOKOHAMA,
202490,G001C,LT235/85R16-108Q G001C R RBL 6T YOKOHAMA,
206248,G001C,LT225/75R16-103S G001C YOKOHAMA,
205310,G001C,35X12.5R15-113Q G001C R  YOKOHAMA,
205424,G001C,33X12.5R15-108Q G001C R YOKOHAMA,
207775,G003,LT245/75R17 121Q G003 YOKOHAMA,
207782,G015,LT305/55R20 121S G015 YOKOHAMA,
207756,G015,285/50R20-112H G015 YOKOHAMA,
207779,G015,275/55R20 117H G015 YOKOHAMA,
207780,G015,LT275/65R18 123S G015 YOKOHAMA,
207722,G015,285/60R18 116H G015 YOKOHAMA,
207774,G015,LT245/75R17 121S G015 YOKOHAMA,
207781,G015,285/65R17 116H G015 YOKOHAMA,
207754,G015,275/65R17 115H G015 YOKOHAMA,
207749,G015,255/65R17-114H G015 YOKOHAMA,
207747,G015,P245/70R17-108T G015 YOKOHAMA,
207721,G015,225/65R17 102H G015 YOKOHAMA,
207746,G015,245/70R16-111H G015  YOKOHAMA,
207791,G015,235/70R16 106H G015 YOKOHAMA,
207783,G015,31X10.50R15 109S G015 YOKOHAMA,
207751,G015,265/70R15 112H G015 YOKOHAMA,
207750,G015,255/70R15C 112S G015 YOKOHAMA,
202777,G033,215/70R16-100H G033 R  6T YOKOHAMA,
207755,G056,275/65R17 115H G056 YOKOHAMA,
202418,G900,215/60R16-95V G900 R  4T YOKOHAMA,
202419,G900A,215/55R17-94V G900A R  4T YOKOHAMA,
202812,G902,265/65R17-112H G902 R  4T YOKOHAMA,
202700,G91A,225/65R17-101H G91A R  4T YOKOHAMA,
206646,G91AV,225/65R17 102H G91AV YOKOHAMA,
206005,G91F,225/60R17-99V G91F YOKOHAMA,
206951,G94,265/65R17-112S G94DV  YOKOHAMA,
202809,G95A,225/55R17-97V G95A R  4T YOKOHAMA,
205040,G95A,225/60R17-99V G95A R YOKOHAMA,
206680,PA02,305/35R24-112V  PA02  4T YOKOHAMA,
207465,PA02,295/45R20 114V PA02 YOKOHAMA,
206499,PA02,275/40R20-106V PA02 YOKOHAMA,
205873,PA02,275/45R20-110V PA02 YOKOHAMA,
206969,PA02,275/55R20-117B PA02 YOKOHAMA,
206198,PA02,265/50R20-111V PA02 YOKOHAMA,
206811,PA02,255/45R20-105V PA02 YOKOHAMA,
206677,PA02,255/50R20 -109V PA02  YOKOHAMA,
206611,PA02,245/45R20-99V PA02 YOKOHAMA,
205082,PA02,235/55R19-101V PA02 YOKOHAMA,
205077,PA02,235/55R18-100V PA02 YOKOHAMA,
205078,PA02,235/60R18-103V PA02 YOKOHAMA,
205079,PA02,235/65R18-106H PA02 YOKOHAMA,
205075,PA02,225/65R17-102H PA02  YOKOHAMA,
207703,RV02,245/35R20-95W RV02 YOKOHAMA,
207534,RV02,225/40R19-93W RV02 YOKOHAMA,
207698,RV02,225/55R19-99V RV02 YOKOHAMA,
207641,RV02,235/50R18-97V RV02 YOKOHAMA,
207700,RV02,235/55R18-100V RV02 YOKOHAMA,
207531,RV02,235/60R18-103W RV02 YOKOHAMA,
207695,RV02,235/65R18-106V RV02 YOKOHAMA,
207540,RV02,225/45R18- 95W RV02 YOKOHAMA,
207702,RV02,225/50R18-95V RV02 YOKOHAMA,
207662,RV02,225/55R18-98V RV02 YOKOHAMA,
207693,RV02,225/60R18-100V RV02 YOKOHAMA,
207701,RV02,215/45R18-93W RV02 YOKOHAMA,
207697,RV02,215/55R18-99V RV02 YOKOHAMA,
207699,RV02,235/55R17-103W RV02 YOKOHAMA,
207692,RV02,225/60R17 99H RV02 YOKOHAMA,
207696,RV02,215/55R17-94V RV02 YOKOHAMA,
207691,RV02,215/65R16-98H RV02 YOKOHAMA,
207687,RV02,205/65R16 95H RV02 YOKOHAMA,
207690,RV02,215/65R15-96H RV02 YOKOHAMA,
202267,RY215,7.50R16- RY215 R  12T YOKOHAMA,
207833,RY55,235/65 R16C 115R RY55 YOKOHAMA,
207830,RY55,225/65R16C-112T RY55 YOKOHAMA,
207832,RY55,225/75R16C-121R RY55 YOKOHAMA,
207828,RY55,215/65R16C -106T  RY55 YOKOHAMA,
207790,RY55,215/75R16C 116/114R RY55 YOKOHAMA,
207829,RY55,215/75R16C-113R RY55 YOKOHAMA,
207834,RY55,195/75R16C-107T RY55 YOKOHAMA,
207831,RY55,225/70R15C-112S RY55 YOKOHAMA,
207824,RY55,205/70R15C- 106S RY55  YOKOHAMA,
207823,RY55,195R15C-106S RY55  YOKOHAMA,
207821,RY55,195/70R15C-104S RY55  YOKOHAMA,
207459,RY818,235/65 R16C R115/113 RY818 YOKOHAMA,
206688,RY818,215/65R16C -106T  RY818  YOKOHAMA,
206686,RY818,205/65R16C- 107T  RY818  4T YOKOHAMA,
205489,RY818,205/75R16C-120R RY818 R  8T YOKOHAMA,
205487,RY818,195/75R16C-107R RY818 R  8T YOKOHAMA,
205790,RY818,205/65R15C 102/100T  RY818 YOKOHAMA,
206694,RY818,195R15C-  106/104R  RY818   8T YOKOHAMA,
205484,RY818,175/65R14C-90T RY818 YOKOHAMA,
205684,RY818,155R12C-108N RY818  8T YOKOHAMA,
207817,V105,265/45R20 108Y V105T YOKOHAMA,
206006,V105,245/50R18-100W V105 YOKOHAMA,
207771,V105S,235/50ZR18 101Y V105S YOKOHAMA,
207794,V105T,265/40R21 105Y V105T YOKOHAMA,
207792,V105T,255/55R19 107Y V105T YOKOHAMA,
202540,V802,275/50R20-113W V802 R  4T YOKOHAMA,
206682,V802,255/50R20 -109Y  V802  4T YOKOHAMA,
202544,V802,285/55R18-113W V802 R  4T YOKOHAMA,
202548,V802,255/55R18-109W V802 R  4T YOKOHAMA,
202547,V802,235/55R18-100W V802 R  4T YOKOHAMA,
202552,V802,275/55R17-109W V802 R  4T YOKOHAMA,
202550,V802,255/50R17-101W V802 R  4T YOKOHAMA,
202517,V802,255/60R17-110W V802 R  4T YOKOHAMA,
206347,V902A,235/55R18-100V V902A YOKOHAMA,
205495,Y818,195R14C-108R Y818 R  8T YOKOHAMA,
202357,Y828A,205R16C-C Y828A R  8T YOKOHAMA,
205935,RY023S,215/75R17.5H 135/133J RY023 YOKOHAMA,
